External_ID,Sangster_ID,Name,CASRN,Canonical_SMILES,InChIKey,logP_exp,N_count,N_group,logP_bin,O_count,MW,TPSA,HBD,HBA,Heavy_atoms,dot_disconnected_entry,strict_coumarin_any,aromatic_coumarin_core,overlap_exact_inchikey_with_95,overlap_first_block_with_95,SMILES,Formula,InChIKey_first_block,valid_mol,strict_coumarin_core,four_hydroxycoumarin_like,name_contains_coumarin,coumarin_candidate_any,SwissADME_SMILES,iLOGP,XLOGP3,WLOGP,MLOGP,Silicos_IT,Consensus,delta_iLOGP,abs_delta_iLOGP,delta_XLOGP3,abs_delta_XLOGP3,delta_WLOGP,abs_delta_WLOGP,delta_MLOGP,abs_delta_MLOGP,delta_Silicos_IT,abs_delta_Silicos_IT,delta_Consensus,abs_delta_Consensus,Spread4,Consensus_overestimated,Consensus_severe_error,Consensus_severe_overestimation,alert_numeric_high_risk,alert_broad_N_or_spread,lower_concern_screen
SANG_CMR_EXT_001,R5762251,,,N#CC1=C(N)Oc2c(c(=O)oc3ccccc23)[C@H]1c1cccs1,XQLJKVUBWFWJHH-CYBMUJFWSA-N,2.34,2,N = 2–3,1.5 ≤ logP ≤ 3.0,3,322.345,89.25000000000001,1,6,23,False,True,True,False,False,NC1=C(C#N)[C@H](C2=CC=CS2)C2=C(O1)C1=CC=CC=C1OC2=O,C17H10N2O3S,XQLJKVUBWFWJHH,True,False,False,False,True,N#CC1=C(N)Oc2c([C@H]1c1cccs1)c(=O)oc1c2cccc1,,2.27,3.07,1.58,2.36,2.32,,,0.06999999999999984,0.06999999999999984,-0.73,0.73,0.7599999999999998,0.7599999999999998,-0.020000000000000018,0.020000000000000018,0.020000000000000018,0.020000000000000018,1.4899999999999998,False,False,False,False,False,False
SANG_CMR_EXT_002,R5762302,,,COc1ccc2c(C)c(C)c(=O)oc2c1C,TVWLCJVDJFYZSD-UHFFFAOYSA-N,3.45,0,N = 0,logP > 3.0,3,218.25199999999995,39.44,0,3,16,False,True,True,False,False,COC1=CC=C2C(C)=C(C)C(=O)OC2=C1C,C13H14O3,TVWLCJVDJFYZSD,True,False,False,False,True,COc1ccc2c(c1C)oc(=O)c(c2C)C,,2.37,2.73,2.18,2.46,2.44,,,1.08,1.08,0.7200000000000002,0.7200000000000002,1.27,1.27,0.9900000000000002,0.9900000000000002,1.0100000000000002,1.0100000000000002,0.5499999999999998,False,False,False,False,False,True
SANG_CMR_EXT_003,R5762308,,,Cc1cc(=O)oc2cc(OC(C)C)ccc12,COIUQMDQIBGHQH-UHFFFAOYSA-N,3.33,0,N = 0,logP > 3.0,3,218.252,39.44,0,3,16,False,True,True,False,False,CC(C)OC1=CC=C2C(C)=CC(=O)OC2=C1,C13H14O3,COIUQMDQIBGHQH,True,False,False,False,True,CC(Oc1ccc2c(c1)oc(=O)cc2C)C,,1.9,2.89,2.18,2.05,2.26,,,1.4300000000000002,1.4300000000000002,0.43999999999999995,0.43999999999999995,1.15,1.15,1.2800000000000002,1.2800000000000002,1.0700000000000003,1.0700000000000003,0.9900000000000002,False,False,False,False,False,True
SANG_CMR_EXT_004,R5762326,,,CCc1cc(=O)oc2c(C)c(OCC(=O)OC(C)(C)C)ccc12,XCLOVAUIMQGTOK-UHFFFAOYSA-N,4.52,0,N = 0,logP > 3.0,5,318.369,65.74,0,5,23,False,True,True,False,False,CCC1=CC(=O)OC2=C(C)C(OCC(=O)OC(C)(C)C)=CC=C12,C18H22O5,XCLOVAUIMQGTOK,True,False,False,False,True,CCc1cc(=O)oc2c1ccc(c2C)OCC(=O)OC(C)(C)C,,2.8,3.38,2.49,3.06,2.93,,,1.7199999999999998,1.7199999999999998,1.1399999999999997,1.1399999999999997,2.0299999999999994,2.0299999999999994,1.4599999999999995,1.4599999999999995,1.5899999999999994,1.5899999999999994,0.8899999999999997,False,False,False,False,False,True
SANG_CMR_EXT_005,R5762456,,,CC[C@@H](NS(=O)(=O)c1ccc(C)cc1)C(=O)Oc1ccc2c3c(c(=O)oc2c1)CCCC3,NZTIPCHEAMRWCN-OAQYLSRUSA-N,3.08,1,N = 1,logP > 3.0,6,455.5320000000004,102.68,1,6,32,False,True,True,False,False,CC[C@@H](NS(=O)(=O)C1=CC=C(C)C=C1)C(=O)OC1=CC=C2C(OC(=O)C3=C2CCCC3)=C1,C24H25NO6S,NZTIPCHEAMRWCN,True,False,False,False,True,CC[C@H](C(=O)Oc1ccc2c(c1)oc(=O)c1c2CCCC1)NS(=O)(=O)c1ccc(cc1)C,,4.43,4.72,2.92,2.95,3.75,,,-1.3499999999999996,1.3499999999999996,-1.6399999999999997,1.6399999999999997,0.16000000000000014,0.16000000000000014,0.1299999999999999,0.1299999999999999,-0.6699999999999999,0.6699999999999999,1.7999999999999998,True,False,False,False,True,False
SANG_CMR_EXT_006,R5762627,,,COc1cc2c(cc1OC)[C@H](COc1ccc3c(C)cc(=O)oc3c1)N(C(=O)C1CCCCC1)CC2,HYXGIGVZSVPNGR-DEOSSOPVSA-N,5.07,1,N = 1,logP > 3.0,6,491.5840000000004,78.21000000000001,0,6,36,False,True,True,False,False,COC1=C(OC)C=C2[C@H](COC3=CC=C4C(C)=CC(=O)OC4=C3)N(CCC2=C1)C(=O)C1CCCCC1,C29H33NO6,HYXGIGVZSVPNGR,True,False,False,False,True,COc1cc2c(cc1OC)CCN([C@H]2COc1ccc2c(c1)oc(=O)cc2C)C(=O)C1CCCCC1,,4.18,4.5,3.12,4.15,3.99,,,0.8900000000000006,0.8900000000000006,0.5700000000000003,0.5700000000000003,1.9500000000000002,1.9500000000000002,0.9199999999999999,0.9199999999999999,1.08,1.08,1.38,False,False,False,False,True,False
SANG_CMR_EXT_007,R5762640,,,CCn1cc(CN(C)C(=O)c2cc3cc(Br)ccc3oc2=O)c(C)n1,LGNNLEKUCHDMHW-UHFFFAOYSA-N,3.27,3,N = 2–3,logP > 3.0,3,404.2640000000002,68.34,0,4,25,False,True,True,False,False,CCN1C=C(CN(C)C(=O)C2=CC3=CC(Br)=CC=C3OC2=O)C(C)=N1,C18H18BrN3O3,LGNNLEKUCHDMHW,True,False,False,False,True,CN(C(=O)c1cc2cc(Br)ccc2oc1=O)Cc1cn(nc1C)CC,,1.3,3.2,2.51,0.86,1.97,,,1.97,1.97,0.06999999999999984,0.06999999999999984,0.7600000000000002,0.7600000000000002,2.41,2.41,1.3,1.3,2.3400000000000003,False,False,False,False,True,False
SANG_CMR_EXT_008,R5762833,,,COc1ccc(-c2nnc(SCc3cc(=O)oc4ccc5ccccc5c34)n2N)cc1,HGQITXLGESDIAZ-UHFFFAOYSA-N,4.24,4,N ≥ 4,logP > 3.0,3,430.48900000000015,96.17,1,7,31,False,True,True,False,False,COC1=CC=C(C=C1)C1=NN=C(SCC2=CC(=O)OC3=C2C2=CC=CC=C2C=C3)N1N,C23H18N4O3S,HGQITXLGESDIAZ,True,False,False,False,True,COc1ccc(cc1)c1nnc(n1N)SCc1cc(=O)oc2c1c1ccccc1cc2,,3.24,4.08,3.92,1.14,3.09,,,1.0,1.0,0.16000000000000014,0.16000000000000014,0.3200000000000003,0.3200000000000003,3.1000000000000005,3.1000000000000005,1.1500000000000004,1.1500000000000004,2.9400000000000004,False,False,False,True,True,False
SANG_CMR_EXT_009,R38319780,"2H-1-Benzopyran-2-one, 7,8-dihydroxy-",486-35-1,O=c1ccc2ccc(O)c(O)c2o1,ATEFPOUAMCWAQS-UHFFFAOYSA-N,0.71,0,N = 0,logP < 1.5,4,178.14299999999997,70.67,2,4,13,False,True,True,False,False,OC1=CC=C2C=CC(=O)OC2=C1O,C9H6O4,ATEFPOUAMCWAQS,True,False,False,True,True,O=c1ccc2c(o1)c(O)c(cc2)O,,-0.49,1.2,0.45,0.1,0.32,,,1.2,1.2,-0.49,0.49,0.25999999999999995,0.25999999999999995,0.61,0.61,0.38999999999999996,0.38999999999999996,1.69,False,False,False,False,False,True
SANG_CMR_EXT_010,R38322885,"2H-1-benzopyran-2-one, 7-hydroxy-4-methyl-",90-33-5,Cc1cc(=O)oc2cc(O)ccc12,HSHNITRMYYLLCV-UHFFFAOYSA-N,1.9,0,N = 0,1.5 ≤ logP ≤ 3.0,3,176.171,50.44,1,3,13,False,True,True,False,False,CC1=CC(=O)OC2=C1C=CC(O)=C2,C10H8O3,HSHNITRMYYLLCV,True,False,False,True,True,Oc1ccc2c(c1)oc(=O)cc2C,,0.77,1.81,1.34,1.03,1.24,,,1.13,1.13,0.08999999999999986,0.08999999999999986,0.5599999999999998,0.5599999999999998,0.8699999999999999,0.8699999999999999,0.6599999999999999,0.6599999999999999,1.04,False,False,False,False,False,True
SANG_CMR_EXT_011,R38322890,"2H-1-Benzopyran-2-one, 7-methoxy-",531-59-9,COc1ccc2ccc(=O)oc2c1,LIIALPBMIOVAHH-UHFFFAOYSA-N,2.13,0,N = 0,1.5 ≤ logP ≤ 3.0,3,176.17099999999996,39.44,0,3,13,False,True,True,False,False,COC1=CC=C2C=CC(=O)OC2=C1,C10H8O3,LIIALPBMIOVAHH,True,False,False,True,True,COc1ccc2c(c1)oc(=O)cc2,,0.19,1.8,1.34,1.07,1.1,,,1.94,1.94,0.32999999999999985,0.32999999999999985,0.7899999999999998,0.7899999999999998,1.0599999999999998,1.0599999999999998,1.0299999999999998,1.0299999999999998,1.61,False,False,False,False,False,True
SANG_CMR_EXT_012,R38325466,"2H-Thieno[3,2-g]-1-benzopyran-2-one",144190-41-0,O=c1ccc2cc3ccsc3cc2o1,MVYJHOJFBCLVIB-UHFFFAOYSA-N,2.27,0,N = 0,1.5 ≤ logP ≤ 3.0,2,202.234,30.21,0,3,14,False,True,True,False,False,O=C1OC2=C(C=C1)C=C1C=CSC1=C2,C11H6O2S,MVYJHOJFBCLVIB,True,False,False,True,True,O=c1ccc2c(o1)cc1c(c2)ccs1,,1.24,3.01,2.36,2.8,2.35,,,1.03,1.03,-0.7399999999999998,0.7399999999999998,-0.08999999999999986,0.08999999999999986,-0.5299999999999998,0.5299999999999998,-0.08000000000000007,0.08000000000000007,1.7699999999999998,True,False,False,False,False,True
SANG_CMR_EXT_013,R38325469,"2H-Furo[2,3-H]-1-benzopyran-2-one",523-50-2,O=c1ccc2ccc3occc3c2o1,XDROKJSWHURZGO-UHFFFAOYSA-N,2.08,0,N = 0,1.5 ≤ logP ≤ 3.0,3,186.166,43.35,0,3,14,False,True,True,False,False,O=C1OC2=C3C=COC3=CC=C2C=C1,C11H6O3,XDROKJSWHURZGO,True,False,False,True,True,O=c1ccc2c(o1)c1ccoc1cc2,,0.62,2.54,1.48,1.55,1.55,,,1.46,1.46,-0.45999999999999996,0.45999999999999996,0.6000000000000001,0.6000000000000001,0.53,0.53,0.53,0.53,1.92,False,False,False,False,False,True
SANG_CMR_EXT_014,R38325586,"2H-1-Benzopyran-2-one, 3-acetyl-",3949-36-8,CC(=O)c1cc2ccccc2oc1=O,CSPIFKKOBWYOEX-UHFFFAOYSA-N,1.5,0,N = 0,1.5 ≤ logP ≤ 3.0,3,188.182,47.28,0,3,14,False,True,True,False,False,CC(=O)C1=CC2=CC=CC=C2OC1=O,C11H8O3,CSPIFKKOBWYOEX,True,False,False,True,True,CC(=O)c1cc2ccccc2oc1=O,,0.32,2.0,1.29,1.39,1.25,,,1.18,1.18,-0.5,0.5,0.20999999999999996,0.20999999999999996,0.1100000000000001,0.1100000000000001,0.25,0.25,1.68,False,False,False,False,False,True
SANG_CMR_EXT_015,R38325789,7-Methoxy-4-methylcoumarin,2555-28-4,COc1ccc2c(C)cc(=O)oc2c1,UDFPKNSWSYBIHO-UHFFFAOYSA-N,3.16,0,N = 0,logP > 3.0,3,190.198,39.44,0,3,14,False,True,True,False,False,COC1=CC2=C(C=C1)C(C)=CC(=O)O2,C11H10O3,UDFPKNSWSYBIHO,True,False,False,True,True,COc1ccc2c(c1)oc(=O)cc2C,,1.1,2.11,1.63,1.51,1.59,,,2.06,2.06,1.0500000000000003,1.0500000000000003,1.5300000000000002,1.5300000000000002,1.6500000000000001,1.6500000000000001,1.57,1.57,1.0099999999999998,False,False,False,False,False,True
SANG_CMR_EXT_016,R38325792,"2H-1-Benopyran-2-one, 6,7-dimethoxy-",120-08-1,COc1cc2ccc(=O)oc2cc1OC,GUAFOGOEJLSQBT-UHFFFAOYSA-N,2.45,0,N = 0,1.5 ≤ logP ≤ 3.0,4,206.197,48.67,0,4,15,False,True,True,False,False,COC1=CC2=C(C=CC(=O)O2)C=C1OC,C11H10O4,GUAFOGOEJLSQBT,True,False,False,False,True,COc1cc2oc(=O)ccc2cc1OC,,0.16,1.81,1.05,1.06,1.02,,,2.29,2.29,0.6400000000000001,0.6400000000000001,1.4000000000000001,1.4000000000000001,1.3900000000000001,1.3900000000000001,1.4300000000000002,1.4300000000000002,1.6500000000000001,False,False,False,False,False,True
SANG_CMR_EXT_017,R38328630,"2H-FURO[2,3-H]-1-BENZOPYRAN-2-ONE, 4-METHYL-",6457-92-7,Cc1cc(=O)oc2c1ccc1occc12,HCYYGOURSFQHRV-UHFFFAOYSA-N,2.34,0,N = 0,1.5 ≤ logP ≤ 3.0,3,200.193,43.35,0,3,15,False,True,True,False,False,CC1=CC(=O)OC2=C3C=COC3=CC=C12,C12H8O3,HCYYGOURSFQHRV,True,False,False,True,True,O=c1cc(C)c2c(o1)c1ccoc1cc2,,1.53,2.85,1.76,1.98,2.03,,,0.8099999999999998,0.8099999999999998,-0.5100000000000002,0.5100000000000002,0.5799999999999998,0.5799999999999998,0.3599999999999999,0.3599999999999999,0.31000000000000005,0.31000000000000005,1.32,False,False,False,False,False,True
SANG_CMR_EXT_018,R38328632,"2H-Furo[2,3-h]-1-benzopyran-2-one, 5-methyl-",73459-03-7,Cc1cc2occc2c2oc(=O)ccc12,ZJVOHJVSTORGLI-UHFFFAOYSA-N,2.5,0,N = 0,1.5 ≤ logP ≤ 3.0,3,200.193,43.35,0,3,15,False,True,True,False,False,CC1=C2C=CC(=O)OC2=C2C=COC2=C1,C12H8O3,ZJVOHJVSTORGLI,True,False,False,True,True,O=c1ccc2c(o1)c1ccoc1cc2C,,0.99,2.85,1.76,2.0,1.9,,,1.51,1.51,-0.3500000000000001,0.3500000000000001,0.74,0.74,0.5,0.5,0.6000000000000001,0.6000000000000001,1.86,False,False,False,False,False,True
SANG_CMR_EXT_019,R38328634,"2H-FURO[2,3-H]-1-BENZOPYRAN-2-ONE, 8-METHYL-",15798-77-3,Cc1cc2c(ccc3ccc(=O)oc32)o1,VVZYOVZUPIFCCR-UHFFFAOYSA-N,2.49,0,N = 0,1.5 ≤ logP ≤ 3.0,3,200.193,43.35,0,3,15,False,True,True,False,False,CC1=CC2=C3OC(=O)C=CC3=CC=C2O1,C12H8O3,VVZYOVZUPIFCCR,True,False,False,True,True,O=c1ccc2c(o1)c1cc(oc1cc2)C,,1.02,2.85,1.76,2.0,1.91,,,1.4700000000000002,1.4700000000000002,-0.3599999999999999,0.3599999999999999,0.7300000000000002,0.7300000000000002,0.4900000000000002,0.4900000000000002,0.5800000000000003,0.5800000000000003,1.83,False,False,False,False,False,True
SANG_CMR_EXT_020,R38328636,"2H-FURO[2,3-H]-1-BENZOPYRAN-2-ONE, 9-METHYL-",78982-40-8,Cc1coc2ccc3ccc(=O)oc3c12,NHOICFAHZSXGJY-UHFFFAOYSA-N,2.51,0,N = 0,1.5 ≤ logP ≤ 3.0,3,200.193,43.35,0,3,15,False,True,True,False,False,CC1=COC2=CC=C3C=CC(=O)OC3=C12,C12H8O3,NHOICFAHZSXGJY,True,False,False,True,True,O=c1ccc2c(o1)c1c(C)coc1cc2,,0.99,2.85,1.76,2.0,1.9,,,1.5199999999999998,1.5199999999999998,-0.3400000000000003,0.3400000000000003,0.7499999999999998,0.7499999999999998,0.5099999999999998,0.5099999999999998,0.6099999999999999,0.6099999999999999,1.86,False,False,False,False,False,True
SANG_CMR_EXT_021,R38328637,"7H-furo[3,2-g][1]benzopyran-7-one, 4-methyl-",15912-89-7,Cc1c2ccoc2cc2oc(=O)ccc12,CDPRWGCJWLAYAD-UHFFFAOYSA-N,2.33,0,N = 0,1.5 ≤ logP ≤ 3.0,3,200.193,43.35,0,3,15,False,True,True,False,False,CC1=C2C=COC2=CC2=C1C=CC(=O)O2,C12H8O3,CDPRWGCJWLAYAD,True,False,False,False,True,O=c1ccc2c(o1)cc1c(c2C)cco1,,0.99,2.85,1.76,2.0,1.9,,,1.34,1.34,-0.52,0.52,0.5700000000000001,0.5700000000000001,0.33000000000000007,0.33000000000000007,0.43000000000000016,0.43000000000000016,1.86,False,False,False,False,False,True
SANG_CMR_EXT_022,R38328638,"7H-Furo[3,2-g][1]benzopyran-7-one, 9-methyl-",15912-88-6,Cc1c2occc2cc2ccc(=O)oc12,IVUMRIXSXVKOMB-UHFFFAOYSA-N,2.48,0,N = 0,1.5 ≤ logP ≤ 3.0,3,200.193,43.35,0,3,15,False,True,True,False,False,CC1=C2OC=CC2=CC2=C1OC(=O)C=C2,C12H8O3,IVUMRIXSXVKOMB,True,False,False,False,True,O=c1ccc2c(o1)c(C)c1c(c2)cco1,,0.99,2.85,1.76,2.0,1.9,,,1.49,1.49,-0.3700000000000001,0.3700000000000001,0.72,0.72,0.48,0.48,0.5800000000000001,0.5800000000000001,1.86,False,False,False,False,False,True
SANG_CMR_EXT_023,R38328640,"2H-Furo[2,3-h]-1-benzopyran-2-one, 6-methyl-",90370-14-2,Cc1cc2ccc(=O)oc2c2ccoc12,PFVGXOYZQOJGGR-UHFFFAOYSA-N,2.43,0,N = 0,1.5 ≤ logP ≤ 3.0,3,200.193,43.35,0,3,15,False,True,True,False,False,CC1=C2OC=CC2=C2OC(=O)C=CC2=C1,C12H8O3,PFVGXOYZQOJGGR,True,False,False,True,True,O=c1ccc2c(o1)c1ccoc1c(c2)C,,0.99,2.85,1.76,2.0,1.9,,,1.4400000000000002,1.4400000000000002,-0.41999999999999993,0.41999999999999993,0.6700000000000002,0.6700000000000002,0.43000000000000016,0.43000000000000016,0.5300000000000002,0.5300000000000002,1.86,False,False,False,False,False,True
SANG_CMR_EXT_024,R38328642,"2H-Furo[2,3-h]-1-benzopyran-2-one, 3-methyl-",91666-89-6,Cc1cc2ccc3occc3c2oc1=O,LFOMIXFRGAIFQF-UHFFFAOYSA-N,2.49,0,N = 0,1.5 ≤ logP ≤ 3.0,3,200.193,43.35,0,3,15,False,True,True,False,False,CC1=CC2=CC=C3OC=CC3=C2OC1=O,C12H8O3,LFOMIXFRGAIFQF,True,False,False,True,True,O=c1oc2c(cc1C)ccc1c2cco1,,1.53,2.85,1.76,1.98,2.03,,,0.9600000000000002,0.9600000000000002,-0.3599999999999999,0.3599999999999999,0.7300000000000002,0.7300000000000002,0.5100000000000002,0.5100000000000002,0.4600000000000004,0.4600000000000004,1.32,False,False,False,False,False,True
SANG_CMR_EXT_025,R38328643,"7H-Furo[3,2-g][1]benzopyran-7-one, 3-methyl-",1137-75-3,Cc1coc2cc3oc(=O)ccc3cc12,NHIJIVPEMQAWBA-UHFFFAOYSA-N,2.47,0,N = 0,1.5 ≤ logP ≤ 3.0,3,200.193,43.35,0,3,15,False,True,True,False,False,CC1=COC2=CC3=C(C=CC(=O)O3)C=C12,C12H8O3,NHIJIVPEMQAWBA,True,False,False,False,True,O=c1ccc2c(o1)cc1c(c2)c(co1)C,,0.99,2.85,1.76,2.0,1.9,,,1.4800000000000002,1.4800000000000002,-0.3799999999999999,0.3799999999999999,0.7100000000000002,0.7100000000000002,0.4700000000000002,0.4700000000000002,0.5700000000000003,0.5700000000000003,1.86,False,False,False,False,False,True
SANG_CMR_EXT_026,R38331371,"2H-Furo[2,3-h]-1-benzopyran-2-one, 4,8-dimethyl-",4063-41-6,Cc1cc2c(ccc3c(C)cc(=O)oc32)o1,PFFGIQUVLUEURV-UHFFFAOYSA-N,2.79,0,N = 0,1.5 ≤ logP ≤ 3.0,3,214.21999999999997,43.35,0,3,16,False,True,True,False,False,CC1=CC2=C3OC(=O)C=C(C)C3=CC=C2O1,C13H10O3,PFFGIQUVLUEURV,True,False,False,True,True,Cc1oc2c(c1)c1oc(=O)cc(c1cc2)C,,1.93,3.16,2.03,2.45,2.39,,,0.8600000000000001,0.8600000000000001,-0.3700000000000001,0.3700000000000001,0.7600000000000002,0.7600000000000002,0.33999999999999986,0.33999999999999986,0.3999999999999999,0.3999999999999999,1.2300000000000002,False,False,False,False,False,True
SANG_CMR_EXT_027,R38331373,"2H-Furo[2,3-h]-1-benzopyran-2-one, 5,8-dimethyl-",76605-65-7,Cc1cc2c(cc(C)c3ccc(=O)oc32)o1,RINHXDAQQJHPOB-UHFFFAOYSA-N,2.92,0,N = 0,1.5 ≤ logP ≤ 3.0,3,214.22,43.35,0,3,16,False,True,True,False,False,CC1=CC2=C3OC(=O)C=CC3=C(C)C=C2O1,C13H10O3,RINHXDAQQJHPOB,True,False,False,True,True,O=c1ccc2c(o1)c1cc(oc1cc2C)C,,1.39,3.16,2.03,2.47,2.26,,,1.53,1.53,-0.2400000000000002,0.2400000000000002,0.8900000000000001,0.8900000000000001,0.44999999999999973,0.44999999999999973,0.6600000000000001,0.6600000000000001,1.7700000000000002,False,False,False,False,False,True
SANG_CMR_EXT_028,R38331375,"2H-Furo[2,3-h]-1-benzopyran-2-one, 5,9-dimethyl-",5762-92-5,Cc1cc2occ(C)c2c2oc(=O)ccc12,SYNCKGPPLJHSSM-UHFFFAOYSA-N,2.92,0,N = 0,1.5 ≤ logP ≤ 3.0,3,214.22,43.35,0,3,16,False,True,True,False,False,CC1=COC2=CC(C)=C3C=CC(=O)OC3=C12,C13H10O3,SYNCKGPPLJHSSM,True,False,False,True,True,O=c1ccc2c(o1)c1c(C)coc1cc2C,,1.35,3.16,2.03,2.47,2.25,,,1.5699999999999998,1.5699999999999998,-0.2400000000000002,0.2400000000000002,0.8900000000000001,0.8900000000000001,0.44999999999999973,0.44999999999999973,0.6699999999999999,0.6699999999999999,1.81,False,False,False,False,False,True
SANG_CMR_EXT_029,R38331377,"2H-Furo[2,3-h]-1-benzopyran-2-one, 4,9-dimethyl-",22975-76-4,Cc1cc(=O)oc2c1ccc1occ(C)c12,ZUOUYRRXKPHFSV-UHFFFAOYSA-N,2.81,0,N = 0,1.5 ≤ logP ≤ 3.0,3,214.22,43.35,0,3,16,False,True,True,False,False,CC1=COC2=CC=C3C(C)=CC(=O)OC3=C12,C13H10O3,ZUOUYRRXKPHFSV,True,False,False,True,True,O=c1cc(C)c2c(o1)c1c(C)coc1cc2,,1.9,3.16,2.03,2.45,2.38,,,0.9100000000000001,0.9100000000000001,-0.3500000000000001,0.3500000000000001,0.7800000000000002,0.7800000000000002,0.3599999999999999,0.3599999999999999,0.43000000000000016,0.43000000000000016,1.2600000000000002,False,False,False,False,False,True
SANG_CMR_EXT_030,R38331379,"7H-Furo[3,2-g][1]benzopyran-7-one, 5,6-dimethyl-",7469-12-7,Cc1c(C)c2cc3ccoc3cc2oc1=O,SWVLWPCPLVHMHY-UHFFFAOYSA-N,2.77,0,N = 0,1.5 ≤ logP ≤ 3.0,3,214.21999999999997,43.35,0,3,16,False,True,True,False,False,CC1=C(C)C2=C(OC1=O)C=C1OC=CC1=C2,C13H10O3,SWVLWPCPLVHMHY,True,False,False,False,True,Cc1c(=O)oc2c(c1C)cc1c(c2)occ1,,2.44,3.16,2.03,2.43,2.51,,,0.33000000000000007,0.33000000000000007,-0.3900000000000001,0.3900000000000001,0.7400000000000002,0.7400000000000002,0.33999999999999986,0.33999999999999986,0.26000000000000023,0.26000000000000023,1.1300000000000003,False,False,False,False,False,True
SANG_CMR_EXT_031,R38331380,"7H-Furo[3,2-g][1]benzopyran-7-one, 5,9-dimethyl-",15912-90-0,Cc1cc(=O)oc2c(C)c3occc3cc12,JLYPOISSVAJQID-UHFFFAOYSA-N,2.82,0,N = 0,1.5 ≤ logP ≤ 3.0,3,214.22,43.35,0,3,16,False,True,True,False,False,CC1=CC(=O)OC2=C1C=C1C=COC1=C2C,C13H10O3,JLYPOISSVAJQID,True,False,False,False,True,O=c1cc(C)c2c(o1)c(C)c1c(c2)cco1,,1.9,3.16,2.03,2.45,2.38,,,0.9199999999999999,0.9199999999999999,-0.3400000000000003,0.3400000000000003,0.79,0.79,0.36999999999999966,0.36999999999999966,0.43999999999999995,0.43999999999999995,1.2600000000000002,False,False,False,False,False,True
SANG_CMR_EXT_032,R38331381,"7H-Furo[3,2-g][1]benzopyran-7-one, 3,5-dimethyl-",15183-96-7,Cc1coc2cc3oc(=O)cc(C)c3cc12,AGHQLFRJTDLUFW-UHFFFAOYSA-N,2.76,0,N = 0,1.5 ≤ logP ≤ 3.0,3,214.22,43.35,0,3,16,False,True,True,False,False,CC1=COC2=CC3=C(C=C12)C(C)=CC(=O)O3,C13H10O3,AGHQLFRJTDLUFW,True,False,False,False,True,O=c1cc(C)c2c(o1)cc1c(c2)c(co1)C,,1.9,3.16,2.03,2.45,2.38,,,0.8599999999999999,0.8599999999999999,-0.40000000000000036,0.40000000000000036,0.73,0.73,0.3099999999999996,0.3099999999999996,0.3799999999999999,0.3799999999999999,1.2600000000000002,False,False,False,False,False,True
SANG_CMR_EXT_033,R38331382,"7H-Furo[3,2-g][1]benzopyran-7-one, 2,5-dimethyl-",4046-74-6,Cc1cc2cc3c(C)cc(=O)oc3cc2o1,GJYYXSDOKGEWNX-UHFFFAOYSA-N,2.82,0,N = 0,1.5 ≤ logP ≤ 3.0,3,214.22,43.35,0,3,16,False,True,True,False,False,CC1=CC2=CC3=C(OC(=O)C=C3C)C=C2O1,C13H10O3,GJYYXSDOKGEWNX,True,False,False,False,True,Cc1cc2c(o1)cc1c(c2)c(C)cc(=O)o1,,1.93,3.16,2.03,2.45,2.39,,,0.8899999999999999,0.8899999999999999,-0.3400000000000003,0.3400000000000003,0.79,0.79,0.36999999999999966,0.36999999999999966,0.4299999999999997,0.4299999999999997,1.2300000000000002,False,False,False,False,False,True
SANG_CMR_EXT_034,R38331383,"7H-Furo[3,2-g][1]benzopyran-7-one, 3,4-dimethyl-",362518-94-3,Cc1coc2cc3oc(=O)ccc3c(C)c12,UVNSEVCCHXYRIC-UHFFFAOYSA-N,2.79,0,N = 0,1.5 ≤ logP ≤ 3.0,3,214.22,43.35,0,3,16,False,True,True,False,False,CC1=COC2=CC3=C(C=CC(=O)O3)C(C)=C12,C13H10O3,UVNSEVCCHXYRIC,True,False,False,False,True,O=c1ccc2c(o1)cc1c(c2C)c(co1)C,,1.35,3.16,2.03,2.47,2.25,,,1.44,1.44,-0.3700000000000001,0.3700000000000001,0.7600000000000002,0.7600000000000002,0.31999999999999984,0.31999999999999984,0.54,0.54,1.81,False,False,False,False,False,True
SANG_CMR_EXT_035,R38331384,"7H-Furo[3,2-g][1]benzopyran-7-one, 2,4-dimethyl-",362518-95-4,Cc1cc2c(C)c3ccc(=O)oc3cc2o1,QBUUKVXBMWQDDR-UHFFFAOYSA-N,2.84,0,N = 0,1.5 ≤ logP ≤ 3.0,3,214.22,43.35,0,3,16,False,True,True,False,False,CC1=CC2=C(C)C3=C(OC(=O)C=C3)C=C2O1,C13H10O3,QBUUKVXBMWQDDR,True,False,False,False,True,Cc1cc2c(o1)cc1c(c2C)ccc(=O)o1,,1.39,3.16,2.03,2.47,2.26,,,1.45,1.45,-0.3200000000000003,0.3200000000000003,0.81,0.81,0.36999999999999966,0.36999999999999966,0.5800000000000001,0.5800000000000001,1.7700000000000002,False,False,False,False,False,True
SANG_CMR_EXT_036,R38331385,"7H-Furo[3,2-g][1]benzopyran-7-one, 2,9-dimethyl-",3993-55-3,Cc1cc2cc3ccc(=O)oc3c(C)c2o1,DIHWOVDWZWBMAI-UHFFFAOYSA-N,2.93,0,N = 0,1.5 ≤ logP ≤ 3.0,3,214.21999999999997,43.35,0,3,16,False,True,True,False,False,CC1=CC2=CC3=C(OC(=O)C=C3)C(C)=C2O1,C13H10O3,DIHWOVDWZWBMAI,True,False,False,False,True,Cc1cc2c(o1)c(C)c1c(c2)ccc(=O)o1,,1.39,3.16,2.03,2.47,2.26,,,1.5400000000000003,1.5400000000000003,-0.22999999999999998,0.22999999999999998,0.9000000000000004,0.9000000000000004,0.45999999999999996,0.45999999999999996,0.6700000000000004,0.6700000000000004,1.7700000000000002,False,False,False,False,False,True
SANG_CMR_EXT_037,R38331386,"7H-Furo[3,2-g][1]benzopyran-7-one, 2,3-dimethyl-",4196-58-1,Cc1oc2cc3oc(=O)ccc3cc2c1C,SXACOUILNSSCPR-UHFFFAOYSA-N,2.93,0,N = 0,1.5 ≤ logP ≤ 3.0,3,214.22,43.35,0,3,16,False,True,True,False,False,CC1=C(C)C2=CC3=C(OC(=O)C=C3)C=C2O1,C13H10O3,SXACOUILNSSCPR,True,False,False,False,True,O=c1ccc2c(o1)cc1c(c2)c(c(o1)C)C,,1.39,3.16,2.03,2.47,2.26,,,1.5400000000000003,1.5400000000000003,-0.22999999999999998,0.22999999999999998,0.9000000000000004,0.9000000000000004,0.45999999999999996,0.45999999999999996,0.6700000000000004,0.6700000000000004,1.7700000000000002,False,False,False,False,False,True
SANG_CMR_EXT_038,R38331388,"2H-Furo[2,3-h]-1-benzopyran-2-one, 8,9-dimethyl-",78982-41-9,Cc1oc2ccc3ccc(=O)oc3c2c1C,JLAPWSNBHNHNRQ-UHFFFAOYSA-N,2.94,0,N = 0,1.5 ≤ logP ≤ 3.0,3,214.21999999999997,43.35,0,3,16,False,True,True,False,False,CC1=C(C)C2=C3OC(=O)C=CC3=CC=C2O1,C13H10O3,JLAPWSNBHNHNRQ,True,False,False,True,True,O=c1ccc2c(o1)c1c(cc2)oc(c1C)C,,1.39,3.16,2.03,2.47,2.26,,,1.55,1.55,-0.2200000000000002,0.2200000000000002,0.9100000000000001,0.9100000000000001,0.46999999999999975,0.46999999999999975,0.6800000000000002,0.6800000000000002,1.7700000000000002,False,False,False,False,False,True
SANG_CMR_EXT_039,R38331389,"2H-Furo[2,3-h]-1-benzopyran-2-one, 6,8-dimethyl-",90370-11-9,Cc1cc2c(o1)c(C)cc1ccc(=O)oc12,VWISGRNVMLSLCE-UHFFFAOYSA-N,2.85,0,N = 0,1.5 ≤ logP ≤ 3.0,3,214.22,43.35,0,3,16,False,True,True,False,False,CC1=CC2=C3OC(=O)C=CC3=CC(C)=C2O1,C13H10O3,VWISGRNVMLSLCE,True,False,False,True,True,Cc1oc2c(c1)c1oc(=O)ccc1cc2C,,1.39,3.16,2.03,2.47,2.26,,,1.4600000000000002,1.4600000000000002,-0.31000000000000005,0.31000000000000005,0.8200000000000003,0.8200000000000003,0.3799999999999999,0.3799999999999999,0.5900000000000003,0.5900000000000003,1.7700000000000002,False,False,False,False,False,True
SANG_CMR_EXT_040,R38331390,"2H-Furo[2,3-h]-1-benzopyran-2-one, 6,9-dimethyl-",90370-28-8,Cc1cc2ccc(=O)oc2c2c(C)coc12,BYQGTFHDFUYLOW-UHFFFAOYSA-N,2.88,0,N = 0,1.5 ≤ logP ≤ 3.0,3,214.22,43.35,0,3,16,False,True,True,False,False,CC1=COC2=C(C)C=C3C=CC(=O)OC3=C12,C13H10O3,BYQGTFHDFUYLOW,True,False,False,True,True,O=c1ccc2c(o1)c1c(C)coc1c(c2)C,,1.35,3.16,2.03,2.47,2.25,,,1.5299999999999998,1.5299999999999998,-0.28000000000000025,0.28000000000000025,0.8500000000000001,0.8500000000000001,0.4099999999999997,0.4099999999999997,0.6299999999999999,0.6299999999999999,1.81,False,False,False,False,False,True
SANG_CMR_EXT_041,R38331392,"2H-Furo[2,3-h]-1-benzopyran-2-one, 5,6-dimethyl-",90370-16-4,Cc1c(C)c2occc2c2oc(=O)ccc12,WQRSPHCXNJWEAX-UHFFFAOYSA-N,2.84,0,N = 0,1.5 ≤ logP ≤ 3.0,3,214.22,43.35,0,3,16,False,True,True,False,False,CC1=C2OC=CC2=C2OC(=O)C=CC2=C1C,C13H10O3,WQRSPHCXNJWEAX,True,False,False,True,True,O=c1ccc2c(o1)c1ccoc1c(c2C)C,,1.35,3.16,2.03,2.47,2.25,,,1.4899999999999998,1.4899999999999998,-0.3200000000000003,0.3200000000000003,0.81,0.81,0.36999999999999966,0.36999999999999966,0.5899999999999999,0.5899999999999999,1.81,False,False,False,False,False,True
SANG_CMR_EXT_042,R38331393,"2H-Furo[2,3-h]-1-benzopyran-2-one, 4,6-dimethyl-",90370-15-3,Cc1cc(=O)oc2c1cc(C)c1occc12,PHABYDNILJBPFQ-UHFFFAOYSA-N,2.79,0,N = 0,1.5 ≤ logP ≤ 3.0,3,214.22,43.35,0,3,16,False,True,True,False,False,CC1=C2OC=CC2=C2OC(=O)C=C(C)C2=C1,C13H10O3,PHABYDNILJBPFQ,True,False,False,True,True,O=c1cc(C)c2c(o1)c1ccoc1c(c2)C,,1.9,3.16,2.03,2.45,2.38,,,0.8900000000000001,0.8900000000000001,-0.3700000000000001,0.3700000000000001,0.7600000000000002,0.7600000000000002,0.33999999999999986,0.33999999999999986,0.41000000000000014,0.41000000000000014,1.2600000000000002,False,False,False,False,False,True
SANG_CMR_EXT_043,R38331394,"2H-Furo[2,3-h]-1-benzopyran-2-one, 3,8-dimethyl-",91666-92-1,Cc1cc2c(ccc3cc(C)c(=O)oc32)o1,GVJWIPVKSNGMIZ-UHFFFAOYSA-N,2.97,0,N = 0,1.5 ≤ logP ≤ 3.0,3,214.21999999999997,43.35,0,3,16,False,True,True,False,False,CC1=CC2=C3OC(=O)C(C)=CC3=CC=C2O1,C13H10O3,GVJWIPVKSNGMIZ,True,False,False,True,True,Cc1cc2c(o1)ccc1c2oc(=O)c(c1)C,,1.93,3.16,2.03,2.45,2.39,,,1.0400000000000003,1.0400000000000003,-0.18999999999999995,0.18999999999999995,0.9400000000000004,0.9400000000000004,0.52,0.52,0.5800000000000001,0.5800000000000001,1.2300000000000002,False,False,False,False,False,True
SANG_CMR_EXT_044,R38331395,"2H-Furo[2,3-h]-1-benzopyran-2-one, 3,9-dimethyl-",91666-91-0,Cc1cc2ccc3occ(C)c3c2oc1=O,YVOFWNBKECJEJR-UHFFFAOYSA-N,2.97,0,N = 0,1.5 ≤ logP ≤ 3.0,3,214.21999999999997,43.35,0,3,16,False,True,True,False,False,CC1=COC2=CC=C3C=C(C)C(=O)OC3=C12,C13H10O3,YVOFWNBKECJEJR,True,False,False,True,True,Cc1cc2ccc3c(c2oc1=O)c(C)co3,,1.9,3.16,2.03,2.45,2.38,,,1.0700000000000003,1.0700000000000003,-0.18999999999999995,0.18999999999999995,0.9400000000000004,0.9400000000000004,0.52,0.52,0.5900000000000003,0.5900000000000003,1.2600000000000002,False,False,False,False,False,True
SANG_CMR_EXT_045,R38331396,"2H-Furo[2,3-h]-1-benzopyran-2-one, 3,4-dimethyl-",91666-90-9,Cc1c(C)c2ccc3occc3c2oc1=O,WBERMSXOELNMLB-UHFFFAOYSA-N,2.9,0,N = 0,1.5 ≤ logP ≤ 3.0,3,214.22,43.35,0,3,16,False,True,True,False,False,CC1=C(C)C2=CC=C3OC=CC3=C2OC1=O,C13H10O3,WBERMSXOELNMLB,True,False,False,True,True,O=c1oc2c(c(c1C)C)ccc1c2cco1,,2.44,3.16,2.03,2.43,2.51,,,0.45999999999999996,0.45999999999999996,-0.26000000000000023,0.26000000000000023,0.8700000000000001,0.8700000000000001,0.46999999999999975,0.46999999999999975,0.3900000000000001,0.3900000000000001,1.1300000000000003,False,False,False,False,False,True
SANG_CMR_EXT_046,R38331399,"7H-Furo[3,2-g][1]benzopyran-7-one, 3,9-dimethyl-",5762-96-9,Cc1coc2c(C)c3oc(=O)ccc3cc12,RGHZPKMHRQIHSB-UHFFFAOYSA-N,2.81,0,N = 0,1.5 ≤ logP ≤ 3.0,3,214.22,43.35,0,3,16,False,True,True,False,False,CC1=COC2=C(C)C3=C(C=CC(=O)O3)C=C12,C13H10O3,RGHZPKMHRQIHSB,True,False,False,False,True,O=c1ccc2c(o1)c(C)c1c(c2)c(co1)C,,1.35,3.16,2.03,2.47,2.25,,,1.46,1.46,-0.3500000000000001,0.3500000000000001,0.7800000000000002,0.7800000000000002,0.33999999999999986,0.33999999999999986,0.56,0.56,1.81,False,False,False,False,False,True
SANG_CMR_EXT_047,R38331737,"2H-1-Benzopyran-3-carboxamide, N-(1-methylethyl)-2-oxo-",1846-82-8,CC(C)NC(=O)c1cc2ccccc2oc1=O,DYFRHCOMCPYXPQ-UHFFFAOYSA-N,2.13,1,N = 1,1.5 ≤ logP ≤ 3.0,3,231.251,59.31,1,3,17,False,True,True,False,False,CC(C)NC(=O)C1=CC2=CC=CC=C2OC1=O,C13H13NO3,DYFRHCOMCPYXPQ,True,False,False,False,True,CC(NC(=O)c1cc2ccccc2oc1=O)C,,1.27,1.93,1.66,1.14,1.5,,,0.8599999999999999,0.8599999999999999,0.19999999999999996,0.19999999999999996,0.47,0.47,0.99,0.99,0.6299999999999999,0.6299999999999999,0.79,False,False,False,False,False,False
SANG_CMR_EXT_048,R38333883,"2H-Thieno[3,2-g]-1-benzopyran-2-one, 4,6,7-trimethyl-",214536-98-8,Cc1sc2cc3oc(=O)cc(C)c3cc2c1C,XYPRBCNGODSLKJ-UHFFFAOYSA-N,3.48,0,N = 0,logP > 3.0,2,244.315,30.21,0,3,17,False,True,True,False,False,CC1=C(C)C2=CC3=C(OC(=O)C=C3C)C=C2S1,C14H12O2S,XYPRBCNGODSLKJ,True,False,False,True,True,O=c1cc(C)c2c(o1)cc1c(c2)c(c(s1)C)C,,2.91,3.93,3.17,4.18,3.55,,,0.5699999999999998,0.5699999999999998,-0.4500000000000002,0.4500000000000002,0.31000000000000005,0.31000000000000005,-0.6999999999999997,0.6999999999999997,-0.06999999999999984,0.06999999999999984,1.2699999999999996,True,False,False,False,False,False
SANG_CMR_EXT_049,R38333884,"2H-Thieno[2,3-h]benzofuran-2-one, 4,8,9-trimethyl-",213967-52-3,Cc1sc2ccc3c(C)cc(=O)oc3c2c1C,RVAZWMGONPBJFK-UHFFFAOYSA-N,3.65,0,N = 0,logP > 3.0,2,244.31499999999997,30.21,0,3,17,False,True,True,False,False,CC1=C(C)C2=C3OC(=O)C=C(C)C3=CC=C2S1,C14H12O2S,RVAZWMGONPBJFK,True,False,False,False,True,O=c1cc(C)c2c(o1)c1c(cc2)sc(c1C)C,,2.91,3.93,3.17,4.18,3.55,,,0.7399999999999998,0.7399999999999998,-0.28000000000000025,0.28000000000000025,0.48,0.48,-0.5299999999999998,0.5299999999999998,0.10000000000000009,0.10000000000000009,1.2699999999999996,False,False,False,False,False,False
SANG_CMR_EXT_050,R38333893,"7H-Furo[3,2-g][1]benzopyran-7-one, 5,6,9-trimethyl-",15912-93-3,Cc1c(C)c2cc3ccoc3c(C)c2oc1=O,OBBNHWAIDHAZOZ-UHFFFAOYSA-N,3.25,0,N = 0,logP > 3.0,3,228.24699999999996,43.35,0,3,17,False,True,True,False,False,CC1=C2OC=CC2=CC2=C1OC(=O)C(C)=C2C,C14H12O3,OBBNHWAIDHAZOZ,True,False,False,False,True,Cc1c(=O)oc2c(c1C)cc1c(c2C)occ1,,2.81,3.46,2.29,2.91,2.87,,,0.43999999999999995,0.43999999999999995,-0.20999999999999996,0.20999999999999996,0.96,0.96,0.33999999999999986,0.33999999999999986,0.3799999999999999,0.3799999999999999,1.17,False,False,False,False,False,True
SANG_CMR_EXT_051,R38333894,"7H-Furo[3,2-g][1]benzopyran-7-one, 3,5,9-trimethyl-",15294-25-4,Cc1coc2c(C)c3oc(=O)cc(C)c3cc12,JQJZXIAXWYFOJQ-UHFFFAOYSA-N,3.25,0,N = 0,logP > 3.0,3,228.247,43.35,0,3,17,False,True,True,False,False,CC1=COC2=C(C)C3=C(C=C12)C(C)=CC(=O)O3,C14H12O3,JQJZXIAXWYFOJQ,True,False,False,False,True,O=c1cc(C)c2c(o1)c(C)c1c(c2)c(co1)C,,2.26,3.46,2.29,2.93,2.74,,,0.9900000000000002,0.9900000000000002,-0.20999999999999996,0.20999999999999996,0.96,0.96,0.31999999999999984,0.31999999999999984,0.5099999999999998,0.5099999999999998,1.2000000000000002,False,False,False,False,False,True
SANG_CMR_EXT_052,R38333895,"7H-Furo[3,2-g][1]benzopyran-7-one, 2,3,5-trimethyl-",13008-11-2,Cc1oc2cc3oc(=O)cc(C)c3cc2c1C,KKDGKMBVFICGHW-UHFFFAOYSA-N,3.22,0,N = 0,logP > 3.0,3,228.247,43.35,0,3,17,False,True,True,False,False,CC1=C(C)C2=CC3=C(OC(=O)C=C3C)C=C2O1,C14H12O3,KKDGKMBVFICGHW,True,False,False,False,True,O=c1cc(C)c2c(o1)cc1c(c2)c(c(o1)C)C,,2.3,3.46,2.29,2.93,2.75,,,0.9200000000000004,0.9200000000000004,-0.23999999999999977,0.23999999999999977,0.9300000000000002,0.9300000000000002,0.29000000000000004,0.29000000000000004,0.4700000000000002,0.4700000000000002,1.17,False,False,False,False,False,True
SANG_CMR_EXT_053,R38333896,"7H-Furo[3,2-g][1]benzopyran-7-one, 2,3,4-trimethyl-",362518-96-5,Cc1oc2cc3oc(=O)ccc3c(C)c2c1C,JLAXMAYZMOLLHI-UHFFFAOYSA-N,3.27,0,N = 0,logP > 3.0,3,228.247,43.35,0,3,17,False,True,True,False,False,CC1=C(C)C2=C(C)C3=C(OC(=O)C=C3)C=C2O1,C14H12O3,JLAXMAYZMOLLHI,True,False,False,False,True,O=c1ccc2c(o1)cc1c(c2C)c(c(o1)C)C,,1.75,3.46,2.29,2.96,2.62,,,1.52,1.52,-0.18999999999999995,0.18999999999999995,0.98,0.98,0.31000000000000005,0.31000000000000005,0.6499999999999999,0.6499999999999999,1.71,False,False,False,False,False,True
SANG_CMR_EXT_054,R38333897,"5-Benzofuranacrylic acid, 6-hydroxy-3,4,7-trimethyl-, delta-lactone",2273-88-3,Cc1c2oc(=O)ccc2c(C)c2c(C)coc12,LDCKHPCOLYHPCO-UHFFFAOYSA-N,3.35,0,N = 0,logP > 3.0,3,228.247,43.35,0,3,17,False,True,True,False,False,CC1=COC2=C(C)C3=C(C=CC(=O)O3)C(C)=C12,C14H12O3,LDCKHPCOLYHPCO,True,False,False,False,True,O=c1ccc2c(o1)c(C)c1c(c2C)c(co1)C,,1.72,3.46,2.29,2.96,2.61,,,1.6300000000000001,1.6300000000000001,-0.10999999999999988,0.10999999999999988,1.06,1.06,0.3900000000000001,0.3900000000000001,0.7400000000000002,0.7400000000000002,1.74,False,False,False,False,False,True
SANG_CMR_EXT_055,R38333898,"2H-Furo[2,3-h]-1-benzopyran-2-one, 6,8,9-trimethyl-",112308-10-8,Cc1oc2c(C)cc3ccc(=O)oc3c2c1C,QDAPMZLOJQVWSW-UHFFFAOYSA-N,3.34,0,N = 0,logP > 3.0,3,228.247,43.35,0,3,17,False,True,True,False,False,CC1=C(C)C2=C3OC(=O)C=CC3=CC(C)=C2O1,C14H12O3,QDAPMZLOJQVWSW,True,False,False,True,True,O=c1ccc2c(o1)c1c(C)c(oc1c(c2)C)C,,1.75,3.46,2.29,2.96,2.62,,,1.5899999999999999,1.5899999999999999,-0.1200000000000001,0.1200000000000001,1.0499999999999998,1.0499999999999998,0.3799999999999999,0.3799999999999999,0.7199999999999998,0.7199999999999998,1.71,False,False,False,False,False,True
SANG_CMR_EXT_056,R38333899,"2H-Furo[2,3-h]-1-benzopyran-2-one, 4,5,8-trimethyl-",,Cc1cc2c(cc(C)c3c(C)cc(=O)oc32)o1,AKIMXGRHNFPHST-UHFFFAOYSA-N,3.36,0,N = 0,logP > 3.0,3,228.247,43.35,0,3,17,False,True,True,False,False,CC1=CC2=C3OC(=O)C=C(C)C3=C(C)C=C2O1,C14H12O3,AKIMXGRHNFPHST,True,False,False,True,True,Cc1oc2c(c1)c1oc(=O)cc(c1c(c2)C)C,,2.3,3.46,2.29,2.93,2.75,,,1.06,1.06,-0.10000000000000009,0.10000000000000009,1.0699999999999998,1.0699999999999998,0.4299999999999997,0.4299999999999997,0.6099999999999999,0.6099999999999999,1.17,False,False,False,False,False,True
SANG_CMR_EXT_057,R38333900,"2H-Furo[2,3-h]-1-benzopyran-2-one, 5,6,8-trimethyl-",90370-13-1,Cc1cc2c(o1)c(C)c(C)c1ccc(=O)oc12,SQECVKHKIHDURX-UHFFFAOYSA-N,3.26,0,N = 0,logP > 3.0,3,228.247,43.35,0,3,17,False,True,True,False,False,CC1=CC2=C(O1)C(C)=C(C)C1=C2OC(=O)C=C1,C14H12O3,SQECVKHKIHDURX,True,False,False,True,True,Cc1oc2c(c1)c1oc(=O)ccc1c(c2C)C,,1.75,3.46,2.29,2.96,2.62,,,1.5099999999999998,1.5099999999999998,-0.20000000000000018,0.20000000000000018,0.9699999999999998,0.9699999999999998,0.2999999999999998,0.2999999999999998,0.6399999999999997,0.6399999999999997,1.71,False,False,False,False,False,True
SANG_CMR_EXT_058,R38333901,"2H-Furo[2,3-h]-1-benzopyran-2-one, 4,6,8-trimethyl-",90370-12-0,Cc1cc2c(o1)c(C)cc1c(C)cc(=O)oc12,QZOAPTQNJLZENV-UHFFFAOYSA-N,3.15,0,N = 0,logP > 3.0,3,228.247,43.35,0,3,17,False,True,True,False,False,CC1=CC2=C(O1)C(C)=CC1=C2OC(=O)C=C1C,C14H12O3,QZOAPTQNJLZENV,True,False,False,True,True,Cc1oc2c(c1)c1oc(=O)cc(c1cc2C)C,,2.3,3.46,2.29,2.93,2.75,,,0.8500000000000001,0.8500000000000001,-0.31000000000000005,0.31000000000000005,0.8599999999999999,0.8599999999999999,0.21999999999999975,0.21999999999999975,0.3999999999999999,0.3999999999999999,1.17,False,False,False,False,False,True
SANG_CMR_EXT_059,R38333902,"2H-Furo[2,3-h]-1-benzopyran-2-one, 3,4,8-trimethyl-",15798-79-5,Cc1cc2c(ccc3c(C)c(C)c(=O)oc32)o1,BQDWBWGFNVYGCP-UHFFFAOYSA-N,3.27,0,N = 0,logP > 3.0,3,228.24699999999996,43.35,0,3,17,False,True,True,False,False,CC1=CC2=C(O1)C=CC1=C2OC(=O)C(C)=C1C,C14H12O3,BQDWBWGFNVYGCP,True,False,False,True,True,Cc1cc2c(o1)ccc1c2oc(=O)c(c1C)C,,2.84,3.46,2.29,2.91,2.88,,,0.43000000000000016,0.43000000000000016,-0.18999999999999995,0.18999999999999995,0.98,0.98,0.3599999999999999,0.3599999999999999,0.3900000000000001,0.3900000000000001,1.17,False,False,False,False,False,True
SANG_CMR_EXT_060,R38333903,"2H-Furo[2,3-h]-1-benzopyran-2-one, 3,4,9-trimethyl-",91666-93-2,Cc1c(C)c2ccc3occ(C)c3c2oc1=O,VUJLCSIVBLQJDL-UHFFFAOYSA-N,3.25,0,N = 0,logP > 3.0,3,228.247,43.35,0,3,17,False,True,True,False,False,CC1=COC2=CC=C3C(C)=C(C)C(=O)OC3=C12,C14H12O3,VUJLCSIVBLQJDL,True,False,False,True,True,Cc1c(=O)oc2c(c1C)ccc1c2c(C)co1,,2.81,3.46,2.29,2.91,2.87,,,0.43999999999999995,0.43999999999999995,-0.20999999999999996,0.20999999999999996,0.96,0.96,0.33999999999999986,0.33999999999999986,0.3799999999999999,0.3799999999999999,1.17,False,False,False,False,False,True
SANG_CMR_EXT_061,R38333904,"2H-Furo[2,3-h]-1-benzopyran-2-one, 3,4,6-trimethyl-",362518-98-7,Cc1c(C)c2cc(C)c3occc3c2oc1=O,YOLKZURXZVDPOZ-UHFFFAOYSA-N,3.23,0,N = 0,logP > 3.0,3,228.247,43.35,0,3,17,False,True,True,False,False,CC1=C2OC=CC2=C2OC(=O)C(C)=C(C)C2=C1,C14H12O3,YOLKZURXZVDPOZ,True,False,False,True,True,Cc1c(=O)oc2c(c1C)cc(c1c2cco1)C,,2.81,3.46,2.29,2.91,2.87,,,0.41999999999999993,0.41999999999999993,-0.22999999999999998,0.22999999999999998,0.94,0.94,0.31999999999999984,0.31999999999999984,0.3599999999999999,0.3599999999999999,1.17,False,False,False,False,False,True
SANG_CMR_EXT_062,R38333906,"2H-Furo[2,3-h]-1-benzopyran-2-one, 4,8,9-trimethyl-",10337-83-4,Cc1oc2ccc3c(C)cc(=O)oc3c2c1C,WSZHMTCJRBHJMN-UHFFFAOYSA-N,3.28,0,N = 0,logP > 3.0,3,228.247,43.35,0,3,17,False,True,True,False,False,CC1=C(C)C2=C3OC(=O)C=C(C)C3=CC=C2O1,C14H12O3,WSZHMTCJRBHJMN,True,False,False,True,True,O=c1cc(C)c2c(o1)c1c(cc2)oc(c1C)C,,2.3,3.46,2.29,2.93,2.75,,,0.98,0.98,-0.18000000000000016,0.18000000000000016,0.9899999999999998,0.9899999999999998,0.34999999999999964,0.34999999999999964,0.5299999999999998,0.5299999999999998,1.17,False,False,False,False,False,True
SANG_CMR_EXT_063,R38333908,"2H-Furo[2,3-h]-1-benzopyran-2-one, 4,6,9-trimethyl-",90370-29-9,Cc1cc(=O)oc2c1cc(C)c1occ(C)c12,ZARUKNQGJBWWBA-UHFFFAOYSA-N,3.23,0,N = 0,logP > 3.0,3,228.247,43.35,0,3,17,False,True,True,False,False,CC1=COC2=C(C)C=C3C(C)=CC(=O)OC3=C12,C14H12O3,ZARUKNQGJBWWBA,True,False,False,True,True,O=c1cc(C)c2c(o1)c1c(C)coc1c(c2)C,,2.26,3.46,2.29,2.93,2.74,,,0.9700000000000002,0.9700000000000002,-0.22999999999999998,0.22999999999999998,0.94,0.94,0.2999999999999998,0.2999999999999998,0.48999999999999977,0.48999999999999977,1.2000000000000002,False,False,False,False,False,True
SANG_CMR_EXT_064,R38333909,"7H-Furo[2,3-f][1]benzopyran-7-one, 3,4,9-trimethyl-",76591-80-5,Cc1coc2c1c(C)cc1oc(=O)cc(C)c12,YTECQPJHHAHABZ-UHFFFAOYSA-N,3.28,0,N = 0,logP > 3.0,3,228.247,43.35,0,3,17,False,True,True,False,False,CC1=COC2=C1C(C)=CC1=C2C(C)=CC(=O)O1,C14H12O3,YTECQPJHHAHABZ,True,False,False,False,True,O=c1cc(C)c2c(o1)cc(c1c2occ1C)C,,2.26,3.46,2.29,2.93,2.74,,,1.02,1.02,-0.18000000000000016,0.18000000000000016,0.9899999999999998,0.9899999999999998,0.34999999999999964,0.34999999999999964,0.5399999999999996,0.5399999999999996,1.2000000000000002,False,False,False,False,False,True
SANG_CMR_EXT_065,R38333910,"7H-Furo[2,3-f][1]benzopyran-7-one, 2,4,9-trimethyl-",33158-05-3,Cc1cc2c(C)cc3oc(=O)cc(C)c3c2o1,IZLPACMKANNNGR-UHFFFAOYSA-N,3.25,0,N = 0,logP > 3.0,3,228.247,43.35,0,3,17,False,True,True,False,False,CC1=CC2=C(C)C=C3OC(=O)C=C(C)C3=C2O1,C14H12O3,IZLPACMKANNNGR,True,False,False,False,True,Cc1oc2c(c1)c(C)cc1c2c(C)cc(=O)o1,,2.3,3.46,2.29,2.93,2.75,,,0.9500000000000002,0.9500000000000002,-0.20999999999999996,0.20999999999999996,0.96,0.96,0.31999999999999984,0.31999999999999984,0.5,0.5,1.17,False,False,False,False,False,True
SANG_CMR_EXT_066,R38334283,"2H-1-Benzopyran-2-one, 7-[(3-methyl-2-buten-1-yl)oxy]-",10387-50-5,CC(C)=CCOc1ccc2ccc(=O)oc2c1,SMHJTSOVVRGDEO-UHFFFAOYSA-N,3.91,0,N = 0,logP > 3.0,3,230.263,39.44,0,3,17,False,True,True,False,False,CC(C)=CCOC1=CC2=C(C=CC(=O)O2)C=C1,C14H14O3,SMHJTSOVVRGDEO,True,False,False,True,True,CC(=CCOc1ccc2c(c1)oc(=O)cc2)C,,1.69,3.14,2.37,2.15,2.34,,,2.22,2.22,0.77,0.77,1.54,1.54,1.7600000000000002,1.7600000000000002,1.5700000000000003,1.5700000000000003,1.4500000000000002,False,False,False,False,False,True
SANG_CMR_EXT_067,R38334300,"2H-1-Benzopyran-2-one, 7-(3-chloro-2-hydroxypropoxy)-4,8-dimethyl-",402618-20-6,Cc1cc(=O)oc2c(C)c(OCC(O)CCl)ccc12,KFOQQUJPXOXNQN-UHFFFAOYSA-N,0.53,0,N = 0,logP < 1.5,4,282.723,59.67,1,4,19,False,True,True,False,False,CC1=CC(=O)OC2=C(C)C(OCC(O)CCl)=CC=C12,C14H15ClO4,KFOQQUJPXOXNQN,True,False,False,True,True,Cc1c(OCC(CCl)O)ccc2c1oc(=O)cc2C,,1.44,2.39,1.85,2.46,2.04,,,-0.9099999999999999,0.9099999999999999,-1.86,1.86,-1.32,1.32,-1.93,1.93,-1.51,1.51,1.02,True,False,False,False,False,True
SANG_CMR_EXT_068,R38334440,"Phosphorothioic acid, O-(3-chloro-4-methyl-2-oxo-2H-1-benzopyran-7-yl) O,O-diethyl ester",56-72-4,CCOP(=S)(OCC)Oc1ccc2c(C)c(Cl)c(=O)oc2c1,BXNANOICGRISHX-UHFFFAOYSA-N,4.01,0,N = 0,logP > 3.0,5,362.7710000000001,57.900000000000006,0,6,22,False,True,True,False,False,CCOP(=S)(OCC)OC1=CC2=C(C=C1)C(C)=C(Cl)C(=O)O2,C14H16ClO5PS,BXNANOICGRISHX,True,False,False,False,True,CCOP(=S)(Oc1ccc2c(c1)oc(=O)c(c2C)Cl)OCC,,4.05,5.08,2.03,3.72,3.72,,,-0.040000000000000036,0.040000000000000036,-1.0700000000000003,1.0700000000000003,1.98,1.98,0.2899999999999996,0.2899999999999996,0.2899999999999996,0.2899999999999996,3.0500000000000003,False,False,False,False,False,False
SANG_CMR_EXT_069,R38334509,"2H-1-Benzopyran-2-one, 4,8-dimethyl-7-(2,3-dihydroxypropoxy)-",402618-19-3,Cc1cc2oc(=O)cc(C)c2cc1OCC(O)CO,QASYNOWVXFHISD-UHFFFAOYSA-N,0.36,0,N = 0,logP < 1.5,5,264.277,79.9,2,5,19,False,True,True,False,False,CC1=CC(=O)OC2=CC(C)=C(OCC(O)CO)C=C12,C14H16O5,QASYNOWVXFHISD,True,False,False,True,True,OCC(COc1cc2c(C)cc(=O)oc2cc1C)O,,0.16,1.14,0.77,1.34,0.85,,,0.19999999999999998,0.19999999999999998,-0.7799999999999999,0.7799999999999999,-0.41000000000000003,0.41000000000000003,-0.9800000000000001,0.9800000000000001,-0.49,0.49,1.1800000000000002,True,False,False,False,False,True
SANG_CMR_EXT_070,R38335703,"6H-Benzofuro[3,2-c]benzopyran-6-one, 3,9-dihydroxy-",479-13-0,O=c1oc2cc(O)ccc2c2oc3cc(O)ccc3c12,ZZIALNLLNHEQPJ-UHFFFAOYSA-N,2.69,0,N = 0,1.5 ≤ logP ≤ 3.0,5,268.224,83.81,2,5,20,False,True,True,False,False,OC1=CC=C2C(OC3=C2c(=O)OC2=CC(O)=CC=C32)=C1,C15H8O5,ZZIALNLLNHEQPJ,True,False,False,False,True,Oc1ccc2c(c1)oc(=O)c1c2oc2c1ccc(c2)O,,3.24,3.1,1.49,1.75,2.4,,,-0.5500000000000003,0.5500000000000003,-0.41000000000000014,0.41000000000000014,1.2,1.2,0.94,0.94,0.29000000000000004,0.29000000000000004,1.7500000000000002,False,False,False,False,False,True
SANG_CMR_EXT_071,R38336449,"2H-Thieno[3,2-h]-1-benzopyran-2-one, 4,6,8,9-tetramethyl-",213967-53-4,Cc1sc2c(C)cc3c(C)cc(=O)oc3c2c1C,DECMEEUZTVLAAE-UHFFFAOYSA-N,4.09,0,N = 0,logP > 3.0,2,258.3419999999999,30.21,0,3,18,False,True,True,False,False,CC1=C(C)C2=C3OC(=O)C=C(C)C3=CC(C)=C2S1,C15H14O2S,DECMEEUZTVLAAE,True,False,False,True,True,O=c1cc(C)c2c(o1)c1c(C)c(sc1c(c2)C)C,,3.28,4.24,3.43,4.67,3.91,,,0.81,0.81,-0.15000000000000036,0.15000000000000036,0.6599999999999997,0.6599999999999997,-0.5800000000000001,0.5800000000000001,0.17999999999999972,0.17999999999999972,1.3900000000000001,False,False,False,False,False,False
SANG_CMR_EXT_072,R38336458,"7H-Furo[3,2-g][1]benzopyran-7-one, 3,5,6,9-tetramethyl-",17231-03-7,Cc1c(C)c2cc3c(C)coc3c(C)c2oc1=O,HTWWGBVBMFKAMA-UHFFFAOYSA-N,3.62,0,N = 0,logP > 3.0,3,242.27399999999997,43.35,0,3,18,False,True,True,False,False,CC1=COC2=C(C)C3=C(C=C12)C(C)=C(C)C(=O)O3,C15H14O3,HTWWGBVBMFKAMA,True,False,False,False,True,Cc1c(=O)oc2c(c1C)cc1c(c2C)occ1C,,3.17,3.77,2.55,3.4,3.22,,,0.4500000000000002,0.4500000000000002,-0.1499999999999999,0.1499999999999999,1.0700000000000003,1.0700000000000003,0.2200000000000002,0.2200000000000002,0.3999999999999999,0.3999999999999999,1.2200000000000002,False,False,False,False,False,False
SANG_CMR_EXT_073,R38336462,"7H-Furo[3,2-g][1]benzopyran-7-one, 9-methoxy-2,3,6-trimethyl-",199442-21-2,COc1c2oc(=O)c(C)cc2cc2c(C)c(C)oc12,LPLBMYQEPIYKRT-UHFFFAOYSA-N,3.28,0,N = 0,logP > 3.0,4,258.273,52.58,0,4,19,False,True,True,False,False,COC1=C2OC(C)=C(C)C2=CC2=C1OC(=O)C(C)=C2,C15H14O4,LPLBMYQEPIYKRT,True,False,False,False,True,COc1c2oc(=O)c(cc2cc2c1oc(c2C)C)C,,2.27,3.47,1.97,2.95,2.67,,,1.0099999999999998,1.0099999999999998,-0.1900000000000004,0.1900000000000004,1.3099999999999998,1.3099999999999998,0.3299999999999996,0.3299999999999996,0.6099999999999999,0.6099999999999999,1.5000000000000002,False,False,False,False,False,True
SANG_CMR_EXT_074,R38336778,"2H-1-Benzopyran-2-one, 8-[(3,3-dimethyl-2-oxiranyl)methyl]-7-methoxy-",489-53-2,COc1ccc2ccc(=O)oc2c1CC1OC1(C)C,LSZONYLDFHGRDP-UHFFFAOYSA-N,3.03,0,N = 0,logP > 3.0,4,260.289,51.97,0,4,19,False,True,True,False,False,COC1=C(CC2OC2(C)C)C2=C(C=CC(=O)O2)C=C1,C15H16O4,LSZONYLDFHGRDP,True,False,False,True,True,COc1ccc2c(c1CC1OC1(C)C)oc(=O)cc2,,0.76,2.52,1.85,2.58,1.93,,,2.2699999999999996,2.2699999999999996,0.5099999999999998,0.5099999999999998,1.1799999999999997,1.1799999999999997,0.44999999999999973,0.44999999999999973,1.0999999999999999,1.0999999999999999,1.82,False,False,False,False,False,True
SANG_CMR_EXT_075,R38338796,"β-D-Glucopyranosiduronic acid, 2-oxo-2H-1-benzopyran-7-yl, methyl ester",,COC(=O)C1OC(Oc2ccc3ccc(=O)oc3c2)C(O)C(O)C1O,NLCKRAQRRCQKMC-UHFFFAOYSA-N,-1.08,0,N = 0,logP < 1.5,9,352.295,135.66,3,9,25,False,True,True,False,False,COC(=O)C1OC(OC2=CC3=C(C=CC(=O)O3)C=C2)C(O)C(O)C1O,C16H16O9,NLCKRAQRRCQKMC,True,False,False,False,True,COC(=O)C1OC(Oc2ccc3c(c2)oc(=O)cc3)C(C(C1O)O)O,,-1.37,-0.85,-0.77,-1.54,-1.13,,,0.29000000000000004,0.29000000000000004,-0.2300000000000001,0.2300000000000001,-0.31000000000000005,0.31000000000000005,0.45999999999999996,0.45999999999999996,0.04999999999999982,0.04999999999999982,0.77,False,False,False,False,False,True
SANG_CMR_EXT_076,R38338797,"β-D-Glucopyranosiduronic acid, 4-methyl-2-oxo-2H-1-benzopyran-7-yl-",6160-80-1,Cc1cc(=O)oc2cc(O[C@@H]3O[C@H](C(=O)O)[C@@H](O)[C@H](O)[C@H]3O)ccc12,ARQXEQLMMNGFDU-JHZZJYKESA-N,-0.39,0,N = 0,logP < 1.5,9,352.295,146.66000000000005,4,8,25,False,True,True,False,False,CC1=CC(=O)OC2=C1C=CC(O[C@@H]1O[C@@H]([C@@H](O)[C@H](O)[C@H]1O)C(O)=O)=C2,C16H16O9,ARQXEQLMMNGFDU,True,False,False,False,True,OC(=O)[C@H]1O[C@@H](Oc2ccc3c(c2)oc(=O)cc3C)[C@@H]([C@H]([C@@H]1O)O)O,,-0.78,-0.63,-0.77,-1.58,-0.94,,,0.39,0.39,0.24,0.24,0.38,0.38,1.19,1.19,0.5499999999999999,0.5499999999999999,0.9500000000000001,False,False,False,False,False,True
SANG_CMR_EXT_077,R38339064,"2H-1-Benzopyran-4-propanamide, α-(acetylamino)-6,7-dimethoxy-2-oxo-",235436-95-0,COc1cc2oc(=O)cc(CC(NC(C)=O)C(N)=O)c2cc1OC,ZRJPZZCTEXEESB-UHFFFAOYSA-N,-0.13,2,N = 2–3,logP < 1.5,6,334.3280000000001,120.86,2,6,24,False,True,True,False,False,COC1=C(OC)C=C2C(CC(NC(C)=O)C(N)=O)=CC(=O)OC2=C1,C16H18N2O6,ZRJPZZCTEXEESB,True,False,False,False,True,COc1cc2c(cc(=O)oc2cc1OC)CC(C(=O)N)NC(=O)C,,-0.74,0.34,-0.2,0.38,-0.05,,,0.61,0.61,-0.47000000000000003,0.47000000000000003,0.07,0.07,-0.51,0.51,-0.08,0.08,1.12,True,False,False,False,False,False
SANG_CMR_EXT_078,R38339104,"2H-1-Benzopyran-2-one, 6-(β-D-glucopyranosyloxy)-4-methyl-",152538-38-0,Cc1cc(=O)oc2ccc(OC3OC(CO)C(O)C(O)C3O)cc12,CIGDOCXLYWEOSA-UHFFFAOYSA-N,-0.66,0,N = 0,logP < 1.5,8,338.312,129.59,4,8,24,False,True,True,False,False,CC1=CC(=O)OC2=C1C=C(OC1OC(CO)C(O)C(O)C1O)C=C2,C16H18O8,CIGDOCXLYWEOSA,True,False,False,True,True,OCC1OC(Oc2ccc3c(c2)c(C)cc(=O)o3)C(C(C1O)O)O,,-1.03,-0.72,-0.72,-1.13,-0.9,,,0.37,0.37,0.05999999999999994,0.05999999999999994,0.05999999999999994,0.05999999999999994,0.46999999999999986,0.46999999999999986,0.24,0.24,0.4099999999999999,False,False,False,False,False,True
SANG_CMR_EXT_079,R38340601,"7H-Furo[3,2-g]benzopyran-7-one, 4-methoxy-9-[(3-methyl-2-buten-1-yl)oxy]-",2543-94-4,COc1c2ccoc2c(OCC=C(C)C)c2oc(=O)ccc12,BMLZFLQMBMYVHG-UHFFFAOYSA-N,3.86,0,N = 0,logP > 3.0,5,300.31,61.81,0,5,22,False,True,True,False,False,COC1=C2C=Cc(=O)OC2=C(OCC=C(C)C)C2=C1C=CO2,C17H16O5,BMLZFLQMBMYVHG,True,False,False,False,True,COc1c2ccoc2c(c2c1ccc(=O)o2)OCC=C(C)C,,2.06,3.89,1.82,2.68,2.61,,,1.7999999999999998,1.7999999999999998,-0.03000000000000025,0.03000000000000025,2.04,2.04,1.1799999999999997,1.1799999999999997,1.25,1.25,2.0700000000000003,False,False,False,False,False,False
SANG_CMR_EXT_080,R38342130,"2H-1-Benzopyran-2-one, 6-chloro-[3-(4-pyridinyl)-7H-1,2,4-triazolo[3,4-b][1,3,4]thiadiazin-6-yl]-",,O=c1oc2ccc(Cl)cc2cc1C1=Nn2c(nnc2-c2ccncc2)SC1,MWUUGLZIWDHJQV-UHFFFAOYSA-N,1.18,5,N ≥ 4,logP < 1.5,2,395.8310000000001,86.17,0,7,27,False,True,True,False,False,ClC1=CC=C2OC(=O)C(=CC2=C1)C1=NN2C(SC1)=NN=C2C1=CC=NC=C1,C18H10ClN5O2S,MWUUGLZIWDHJQV,True,False,False,True,True,Clc1ccc2c(c1)cc(c(=O)o2)C1=Nn2c(SC1)nnc2c1ccncc1,,1.85,3.08,2.46,1.39,2.19,,,-0.6700000000000002,0.6700000000000002,-1.9000000000000001,1.9000000000000001,-1.28,1.28,-0.20999999999999996,0.20999999999999996,-1.01,1.01,1.6900000000000002,True,False,False,False,False,False
SANG_CMR_EXT_081,R38343966,"2H-1-Benzopyran-2-one, 6-chloro-3-[3-(3-bromophenyl)-7H-1,2,4-triazolo[3,4-b][1,3,4]thiadiazin-6-yl]-",,O=c1oc2ccc(Cl)cc2cc1C1=Nn2c(nnc2-c2cccc(Br)c2)SC1,KVEWBJNNCHKCFO-UHFFFAOYSA-N,1.53,4,N ≥ 4,1.5 ≤ logP ≤ 3.0,2,473.73900000000015,73.28,0,6,28,False,True,True,False,False,ClC1=CC=C2OC(=O)C(=CC2=C1)C1=NN2C(SC1)=NN=C2C1=CC(Br)=CC=C1,C19H10BrClN4O2S,KVEWBJNNCHKCFO,True,False,False,True,True,Brc1cccc(c1)c1nnc2n1N=C(CS2)c1cc2cc(Cl)ccc2oc1=O,,3.62,4.44,4.09,2.61,3.69,,,-2.09,2.09,-2.91,2.91,-2.5599999999999996,2.5599999999999996,-1.0799999999999998,1.0799999999999998,-2.16,2.16,1.8300000000000005,True,True,True,False,True,False
SANG_CMR_EXT_082,R38343967,"2H-1-Benzopyran-2-one, 6-chloro-[3-(4-bromophenyl)-7H-1,3,4-triazolo[3,4-b][1,3,4]thiadiazin-6-yl]-",,O=c1oc2ccc(Cl)cc2cc1C1=Nn2c(nnc2-c2ccc(Br)cc2)SC1,TTZJFHZVTRVBAG-UHFFFAOYSA-N,1.51,4,N ≥ 4,1.5 ≤ logP ≤ 3.0,2,473.73900000000015,73.28,0,6,28,False,True,True,False,False,ClC1=CC=C2OC(=O)C(=CC2=C1)C1=NN2C(SC1)=NN=C2C1=CC=C(Br)C=C1,C19H10BrClN4O2S,TTZJFHZVTRVBAG,True,False,False,True,True,Brc1ccc(cc1)c1nnc2n1N=C(CS2)c1cc2cc(Cl)ccc2oc1=O,,3.62,4.44,4.09,2.61,3.69,,,-2.1100000000000003,2.1100000000000003,-2.9300000000000006,2.9300000000000006,-2.58,2.58,-1.0999999999999999,1.0999999999999999,-2.1799999999999997,2.1799999999999997,1.8300000000000005,True,True,True,False,True,False
SANG_CMR_EXT_083,R38343969,"2H-1-Benzopyran-2-one, 6-chloro-3-[3-(2-chlorophenyl)-7H-1,2,4-triazolo[3,4-b][1,3,4]thiadiazin-6-yl]-",,O=c1oc2ccc(Cl)cc2cc1C1=Nn2c(nnc2-c2ccccc2Cl)SC1,RMZGSUWUYHMBRS-UHFFFAOYSA-N,1.53,4,N ≥ 4,1.5 ≤ logP ≤ 3.0,2,429.2880000000001,73.28,0,6,28,False,True,True,False,False,ClC1=CC=C2OC(=O)C(=CC2=C1)C1=NN2C(SC1)=NN=C2C1=CC=CC=C1Cl,C19H10Cl2N4O2S,RMZGSUWUYHMBRS,True,False,False,True,True,Clc1ccc2c(c1)cc(c(=O)o2)C1=Nn2c(SC1)nnc2c1ccccc1Cl,,3.55,4.34,3.98,2.58,3.61,,,-2.0199999999999996,2.0199999999999996,-2.8099999999999996,2.8099999999999996,-2.45,2.45,-1.05,1.05,-2.08,2.08,1.7599999999999998,True,True,True,False,True,False
SANG_CMR_EXT_084,R38343970,"2H-1-Benzopyran-2-one, 6-chloro-3-[3-(4-chlorophenyl)-7H-1,2,4-triazolo[3,4-b][1,3,4]thiadiazin-6-yl]-",,O=c1oc2ccc(Cl)cc2cc1C1=Nn2c(nnc2-c2ccc(Cl)cc2)SC1,NTTLKHNYGSQYDW-UHFFFAOYSA-N,1.49,4,N ≥ 4,logP < 1.5,2,429.2880000000001,73.28,0,6,28,False,True,True,False,False,ClC1=CC=C(C=C1)C1=NN=C2SCC(=NN12)C1=CC2=CC(Cl)=CC=C2OC1=O,C19H10Cl2N4O2S,NTTLKHNYGSQYDW,True,False,False,True,True,Clc1ccc(cc1)c1nnc2n1N=C(CS2)c1cc2cc(Cl)ccc2oc1=O,,3.55,4.34,3.98,2.58,3.61,,,-2.0599999999999996,2.0599999999999996,-2.8499999999999996,2.8499999999999996,-2.49,2.49,-1.09,1.09,-2.12,2.12,1.7599999999999998,True,True,True,False,True,False
SANG_CMR_EXT_085,R38343974,"2H-1,4-Benzodiazepin-2-one, 6-chloro-3-(3-phenyl-7H-1,2,4-triazolo[3,4-b][1,3,4]thiadiazin-6-yl)-",,O=c1oc2ccc(Cl)cc2cc1C1=Nn2c(nnc2-c2ccccc2)SC1,YLLKQYWDSDSSRU-UHFFFAOYSA-N,1.27,4,N ≥ 4,logP < 1.5,2,394.8430000000001,73.28,0,6,27,False,True,True,False,False,ClC1=CC2=C(OC(=O)C(=C2)C2=NN3C(SC2)=NN=C3C2=CC=CC=C2)C=C1,C19H11ClN4O2S,YLLKQYWDSDSSRU,True,False,False,False,True,Clc1ccc2c(c1)cc(c(=O)o2)C1=Nn2c(SC1)nnc2c1ccccc1,,2.92,3.68,3.49,1.95,3.01,,,-1.65,1.65,-2.41,2.41,-2.22,2.22,-0.6799999999999999,0.6799999999999999,-1.7399999999999998,1.7399999999999998,1.7300000000000002,True,False,False,False,True,False
SANG_CMR_EXT_086,R38343975,"2H-1-Benzopyran-2-one, 6-chloro-3-[3-(2-hydroxyphenyl)-7H-1,2,4-triazolo[3,4-b][1,3,4]thiadiazin-6-yl]-",,O=c1oc2ccc(Cl)cc2cc1C1=Nn2c(nnc2-c2ccccc2O)SC1,AIGNWEBTXMVSQX-UHFFFAOYSA-N,0.36,4,N ≥ 4,logP < 1.5,3,410.84200000000016,93.51,1,7,28,False,True,True,False,False,OC1=CC=CC=C1C1=NN=C2SCC(=NN12)C1=CC2=CC(Cl)=CC=C2OC1=O,C19H11ClN4O3S,AIGNWEBTXMVSQX,True,False,False,True,True,Clc1ccc2c(c1)cc(c(=O)o2)C1=Nn2c(SC1)nnc2c1ccccc1O,,2.57,3.39,2.96,1.46,2.59,,,-2.21,2.21,-3.0300000000000002,3.0300000000000002,-2.6,2.6,-1.1,1.1,-2.23,2.23,1.9300000000000002,True,True,True,False,False,False
SANG_CMR_EXT_087,R38343998,"2H-1-Benzopyran-2-one, 3,3'-methylenebis(4-hydroxy-",66-76-2,O=c1oc2ccccc2c(O)c1Cc1c(O)c2ccccc2oc1=O,DOBMPNYZJYQDGZ-UHFFFAOYSA-N,1.83,0,N = 0,1.5 ≤ logP ≤ 3.0,6,336.29900000000004,100.88,2,6,25,False,True,True,False,False,OC1=C(CC2=C(O)C3=CC=CC=C3OC2=O)C(=O)OC2=CC=CC=C12,C19H12O6,DOBMPNYZJYQDGZ,True,False,False,True,True,O=c1oc2ccccc2c(c1Cc1c(=O)oc2c(c1O)cccc2)O,,1.66,2.9,2.04,1.02,1.91,,,0.17000000000000015,0.17000000000000015,-1.0699999999999998,1.0699999999999998,-0.20999999999999996,0.20999999999999996,0.81,0.81,-0.07999999999999985,0.07999999999999985,1.88,True,False,False,False,False,True
SANG_CMR_EXT_088,R38344170,"2H-1-Benzopyran-2-one, 4-hydroxy-3-(1,2,3,4-tetrahydro-1-naphthalenyl)-",5836-29-3,O=c1oc2ccccc2c(O)c1C1CCCc2ccccc21,ULSLJYXHZDTLQK-UHFFFAOYSA-N,3.46,0,N = 0,logP > 3.0,3,292.33399999999995,50.44,1,3,22,False,True,True,False,False,OC1=C(C2CCCC3=CC=CC=C23)C(=O)OC2=CC=CC=C12,C19H16O3,ULSLJYXHZDTLQK,True,False,False,True,True,O=c1oc2ccccc2c(c1C1CCCc2c1cccc2)O,,3.66,3.97,3.44,3.04,3.53,,,-0.20000000000000018,0.20000000000000018,-0.5100000000000002,0.5100000000000002,0.020000000000000018,0.020000000000000018,0.41999999999999993,0.41999999999999993,-0.06999999999999984,0.06999999999999984,0.9300000000000002,True,False,False,False,False,False
SANG_CMR_EXT_089,R38345453,"2H-1-Benzopyran-2-one, 6-chloro-3-[3-[2,4-dichlorophenoxy(methyl)]-7H-1,2,4-triazolo[3,4-b][1,3,4]thiadiazin-6-yl]-",,O=c1oc2ccc(Cl)cc2cc1C1=Nn2c(COc3ccc(Cl)cc3Cl)nnc2SC1,DDLRYSXENUNSBK-UHFFFAOYSA-N,1.4,4,N ≥ 4,logP < 1.5,3,493.7590000000002,82.51,0,7,31,False,True,True,False,False,ClC1=CC=C(OCC2=NN=C3SCC(=NN23)C2=CC3=CC(Cl)=CC=C3OC2=O)C(Cl)=C1,C20H11Cl3N4O3S,DDLRYSXENUNSBK,True,False,False,True,True,Clc1ccc(c(c1)Cl)OCc1nnc2n1N=C(CS2)c1cc2cc(Cl)ccc2oc1=O,,4.02,4.75,4.15,3.13,4.01,,,-2.6199999999999997,2.6199999999999997,-3.35,3.35,-2.7500000000000004,2.7500000000000004,-1.73,1.73,-2.61,2.61,1.62,True,True,True,False,True,False
SANG_CMR_EXT_090,R38345491,"2H-1-Benzopyran-2-one, 6-chloro-3-[3-[4-chlorophenoxy(methyl)]-7H-1,2,4-triazolo[3,4-b][1,3,4]thiadiazin-6-yl]-",,O=c1oc2ccc(Cl)cc2cc1C1=Nn2c(COc3ccc(Cl)cc3)nnc2SC1,OJDJGTAICJBJNI-UHFFFAOYSA-N,1.33,4,N ≥ 4,logP < 1.5,3,459.31400000000014,82.51,0,7,30,False,True,True,False,False,ClC1=CC=C(OCC2=NN=C3SCC(=NN23)C2=CC3=CC(Cl)=CC=C3OC2=O)C=C1,C20H12Cl2N4O3S,OJDJGTAICJBJNI,True,False,False,True,True,Clc1ccc(cc1)OCc1nnc2n1N=C(CS2)c1cc2cc(Cl)ccc2oc1=O,,3.39,4.1,3.67,2.49,3.41,,,-2.06,2.06,-2.7699999999999996,2.7699999999999996,-2.34,2.34,-1.1600000000000001,1.1600000000000001,-2.08,2.08,1.6099999999999994,True,True,True,False,True,False
SANG_CMR_EXT_091,R38345529,"2H-1-Benzopyran-2-one, 3,3'-ethylidenebis[4-hydroxy-",1821-16-5,CC(c1c(O)c2ccccc2oc1=O)c1c(O)c2ccccc2oc1=O,CPDOMNNHJSTWKL-UHFFFAOYSA-N,0.43,0,N = 0,logP < 1.5,6,350.326,100.88,2,6,26,False,True,True,False,False,CC(C1=C(O)C2=CC=CC=C2OC1=O)C1=C(O)C2=CC=CC=C2OC1=O,C20H14O6,CPDOMNNHJSTWKL,True,False,False,True,True,O=c1oc2ccccc2c(c1C(c1c(=O)oc2c(c1O)cccc2)C)O,,1.99,3.46,2.27,1.23,2.24,,,-1.56,1.56,-3.03,3.03,-1.84,1.84,-0.8,0.8,-1.8100000000000003,1.8100000000000003,2.23,True,False,False,False,False,False
SANG_CMR_EXT_092,R38346953,"2H-1-Benzopyran-2-one, 3,3'-propylidenebis[4-hydroxy-",1821-17-6,CCC(c1c(O)c2ccccc2oc1=O)c1c(O)c2ccccc2oc1=O,OGEBNMPQRNZRJK-UHFFFAOYSA-N,2.02,0,N = 0,1.5 ≤ logP ≤ 3.0,6,364.35300000000007,100.88,2,6,27,False,True,True,False,False,CCC(C1=C(O)C2=CC=CC=C2OC1=O)C1=C(O)C2=CC=CC=C2OC1=O,C21H16O6,OGEBNMPQRNZRJK,True,False,False,True,True,CCC(c1c(=O)oc2c(c1O)cccc2)c1c(=O)oc2c(c1O)cccc2,,2.53,3.85,2.49,1.62,2.62,,,-0.5099999999999998,0.5099999999999998,-1.83,1.83,-0.4700000000000002,0.4700000000000002,0.3999999999999999,0.3999999999999999,-0.6000000000000001,0.6000000000000001,2.23,True,False,False,False,False,False
SANG_CMR_EXT_093,R38347321,"2-Butenoic acid, 2-methyl-, (9R,10R)-10-(acetyloxy)-9,10-dihydro-8,8-dimethyl-2-oxo-2H,8H-benzo[1,2-b:3,4-b']dipyran-9-yl ester, (2Z)-",14017-71-1,CC=C(C)C(=O)OC1C(OC(C)=O)c2c(ccc3ccc(=O)oc23)OC1(C)C,XGPBRZDOJDLKOT-UHFFFAOYSA-N,3.75,0,N = 0,logP > 3.0,7,386.40000000000015,92.04,0,7,28,False,True,True,False,False,CC=C(C)C(=O)OC1C(OC(C)=O)C2=C(OC1(C)C)C=CC1=C2OC(=O)C=C1,C21H22O7,XGPBRZDOJDLKOT,True,False,False,False,True,CC=C(C(=O)OC1C(OC(=O)C)c2c(OC1(C)C)ccc1c2oc(=O)cc1)C,,1.46,3.12,2.22,2.31,2.28,,,2.29,2.29,0.6299999999999999,0.6299999999999999,1.5299999999999998,1.5299999999999998,1.44,1.44,1.4700000000000002,1.4700000000000002,1.6600000000000001,False,False,False,False,False,True
SANG_CMR_EXT_094,R38348417,"2H-1-Benzopyran-2-one, 3,3'-butylidenebis[4-hydroxy-",1821-18-7,CCCC(c1c(O)c2ccccc2oc1=O)c1c(O)c2ccccc2oc1=O,WDMKQGDXHVGITQ-UHFFFAOYSA-N,2.31,0,N = 0,1.5 ≤ logP ≤ 3.0,6,378.3800000000001,100.88,2,6,28,False,True,True,False,False,CCCC(C1=C(O)C2=CC=CC=C2OC1=O)C1=C(O)C2=CC=CC=C2OC1=O,C22H18O6,WDMKQGDXHVGITQ,True,False,False,True,True,CCCC(c1c(=O)oc2c(c1O)cccc2)c1c(=O)oc2c(c1O)cccc2,,3.07,4.24,2.71,2.01,3.01,,,-0.7599999999999998,0.7599999999999998,-1.9300000000000002,1.9300000000000002,-0.3999999999999999,0.3999999999999999,0.30000000000000027,0.30000000000000027,-0.6999999999999997,0.6999999999999997,2.2300000000000004,True,False,False,False,False,False
SANG_CMR_EXT_095,R38349491,"2H-1-Benzopyran-2-one, 4,8-dimethyl-7-[2-oxo-2-[3-(4-methylphenyl)-2,4,5-trioxo-1-imidazolidinyl]ethoxy]-",402618-15-9,Cc1ccc(N2C(=O)C(=O)N(C(=O)COc3ccc4c(C)cc(=O)oc4c3C)C2=O)cc1,AQEKLENQBDMICL-UHFFFAOYSA-N,0.84,2,N = 2–3,logP < 1.5,7,434.4040000000003,114.20000000000002,0,7,32,False,True,True,False,False,CC1=CC=C(C=C1)N1C(=O)N(C(=O)COC2=CC=C3C(C)=CC(=O)OC3=C2C)C(=O)C1=O,C23H18N2O7,AQEKLENQBDMICL,True,False,False,True,True,Cc1ccc(cc1)N1C(=O)C(=O)N(C1=O)C(=O)COc1ccc2c(c1C)oc(=O)cc2C,,2.44,1.86,1.48,1.84,1.9,,,-1.6,1.6,-1.02,1.02,-0.64,0.64,-1.0,1.0,-1.06,1.06,0.96,True,False,False,False,False,False
SANG_CMR_EXT_096,R38349578,"2H-1-Benzopyran-2-one, 3,3'-pentylidenebis[4-hydroxy-",53457-92-4,CCCCC(c1c(O)c2ccccc2oc1=O)c1c(O)c2ccccc2oc1=O,AYSWHCWHSFNFHB-UHFFFAOYSA-N,2.69,0,N = 0,1.5 ≤ logP ≤ 3.0,6,392.4070000000001,100.88,2,6,29,False,True,True,False,False,CCCCC(C1=C(O)C2=CC=CC=C2OC1=O)C1=C(O)C2=CC=CC=C2OC1=O,C23H20O6,AYSWHCWHSFNFHB,True,False,False,True,True,CCCCC(c1c(=O)oc2c(c1O)cccc2)c1c(=O)oc2c(c1O)cccc2,,3.61,4.63,2.93,2.4,3.39,,,-0.9199999999999999,0.9199999999999999,-1.94,1.94,-0.2400000000000002,0.2400000000000002,0.29000000000000004,0.29000000000000004,-0.7000000000000002,0.7000000000000002,2.23,True,False,False,False,False,False
SANG_CMR_EXT_097,R38350394,"2H-1-Benzopyran-2-one, 4,8-dimethyl-7-[2-oxo-2-[3-(2-methylphenyl)-2,4,5-trioxo-1-imidazolidinyl]ethoxy]-",,Cc1ccccc1N1C(=O)C(=O)N(C(=O)CCOc2ccc3c(C)cc(=O)oc3c2C)C1=O,GBAZUCQLOKFVDM-UHFFFAOYSA-N,0.98,2,N = 2–3,logP < 1.5,7,448.43100000000027,114.20000000000002,0,7,33,False,True,True,False,False,CC1=CC=CC=C1N1C(=O)N(C(=O)CCOC2=CC=C3C(C)=CC(=O)OC3=C2C)C(=O)C1=O,C24H20N2O7,GBAZUCQLOKFVDM,True,False,False,True,True,O=c1cc(C)c2c(o1)c(C)c(cc2)OCCC(=O)N1C(=O)C(=O)N(C1=O)c1ccccc1C,,2.34,2.25,1.69,2.24,2.13,,,-1.3599999999999999,1.3599999999999999,-1.27,1.27,-0.71,0.71,-1.2600000000000002,1.2600000000000002,-1.15,1.15,0.6499999999999999,True,False,False,False,False,False
SANG_CMR_EXT_098,R38350598,"2-Butenoic acid, 2-methyl-, 1,1'-[(9R,10R)-9,10-dihydro-8,8-dimethyl-2-oxo-2H,8H-benzo[1,2-b:3,4-b']dipyran-9,10-diyl] ester, (2Z, 2Z')-; anomalin",4970-26-7,C/C=C(\C)C(=O)OC1c2c(ccc3ccc(=O)oc23)OC(C)(C)[C@@H]1OC(=O)/C(C)=C/C,PNTWXEIQXBRCPS-PKUPAAOKSA-N,4.41,0,N = 0,logP > 3.0,7,426.46500000000026,92.04000000000002,0,7,31,False,True,True,False,False,C\C=C(/C)C(=O)OC1[C@@H](OC(=O)C(\C)=C\C)C(C)(C)OC2=C1C1=C(C=CC(=O)O1)C=C2,C24H26O7,PNTWXEIQXBRCPS,True,False,False,False,True,C/C=C(/C(=O)OC1c2c(ccc3c2oc(=O)cc3)OC([C@@H]1OC(=O)/C(=C/C)/C)(C)C)\C,,2.65,4.07,2.79,3.19,3.18,,,1.7600000000000002,1.7600000000000002,0.33999999999999986,0.33999999999999986,1.62,1.62,1.2200000000000002,1.2200000000000002,1.23,1.23,1.4200000000000004,False,False,False,False,False,False
SANG_CMR_EXT_099,R38351029,"2H-1-Benzopyran-2-one, α,α'-(phenylmethylene)bis[4-hydroxy-",1821-19-8,O=c1oc2ccccc2c(O)c1C(c1ccccc1)c1c(O)c2ccccc2oc1=O,GGWIGGMSOWGWLR-UHFFFAOYSA-N,1.95,0,N = 0,1.5 ≤ logP ≤ 3.0,6,412.39700000000016,100.88,2,6,31,False,True,True,False,False,OC1=C(C(C2=CC=CC=C2)C2=C(O)C3=CC=CC=C3OC2=O)C(=O)OC2=CC=CC=C12,C25H16O6,GGWIGGMSOWGWLR,True,False,False,True,True,O=c1oc2ccccc2c(c1C(c1c(=O)oc2c(c1O)cccc2)c1ccccc1)O,,3.11,4.49,3.14,2.27,3.25,,,-1.16,1.16,-2.54,2.54,-1.1900000000000002,1.1900000000000002,-0.32000000000000006,0.32000000000000006,-1.3,1.3,2.22,True,False,False,False,False,False
SANG_CMR_EXT_100,R38351465,isolaserpitin,16836-36-5,C/C=C(/C)C(=O)O[C@H]1[C@@H](O)c2c(ccc3ccc(=O)oc23)OC1(C)C,KJWFOHVSTFGWGZ-ODZVBOMLSA-N,3.56,0,N = 0,logP > 3.0,6,344.3630000000001,85.97000000000001,1,6,25,False,True,True,False,False,C\C=C(\C)C(=O)O[C@H]1[C@@H](O)C2=C(OC1(C)C)C=CC1=C2OC(=O)C=C1,C19H20O6,KJWFOHVSTFGWGZ,True,False,False,False,True,C/C=C(\C(=O)O[C@H]1[C@@H](O)c2c(OC1(C)C)ccc1c2oc(=O)cc1)/C,,0.88,2.55,1.83,1.8,1.77,,,2.68,2.68,1.0100000000000002,1.0100000000000002,1.73,1.73,1.76,1.76,1.79,1.79,1.67,False,False,False,False,False,True
SANG_CMR_EXT_101,R38351528,"2H-1-Benzopyran-2-one, 3,3'-[2-methoxyphenyl(methylene)]bis-",,COc1ccccc1C(c1cc2ccccc2oc1=O)c1cc2ccccc2oc1=O,APZGEQBVWPCYAG-UHFFFAOYSA-N,2.5,0,N = 0,1.5 ≤ logP ≤ 3.0,5,410.4250000000002,69.65,0,5,31,False,True,True,False,False,COC1=CC=CC=C1C(C1=CC2=CC=CC=C2OC1=O)C1=CC2=CC=CC=C2OC1=O,C26H18O5,APZGEQBVWPCYAG,True,False,False,True,True,COc1ccccc1C(c1cc2ccccc2oc1=O)c1cc2ccccc2oc1=O,,2.95,5.09,3.89,3.34,3.82,,,-0.4500000000000002,0.4500000000000002,-2.59,2.59,-1.3900000000000001,1.3900000000000001,-0.8399999999999999,0.8399999999999999,-1.3199999999999998,1.3199999999999998,2.1399999999999997,True,False,False,False,False,False
SANG_CMR_EXT_102,R38353267,"Benzo[h][1]benzopyrano[5,4,3-cde][1]benzopyran-5,12-dione, 10-[[6-deoxy-2-O-(6-deoxy-3-O-methyl-α-D-galactopyranosyl)-β-D-galactopyranosyl]oxy]-6-hydroxy-1-methyl-",6377-18-0,CO[C@H]1[C@@H](O)[C@@H](C)O[C@H](O[C@H]2[C@H](Oc3cccc4c(O)c5c(=O)oc6ccc(C)c7c(=O)oc(c34)c5c67)O[C@H](C)[C@H](O)[C@@H]2O)[C@@H]1O,PONPPNYZKHNPKZ-RYBWXQSLSA-N,1.8,0,N = 0,1.5 ≤ logP ≤ 3.0,14,640.5940000000006,207.72,5,14,46,False,True,True,False,False,CO[C@H]1[C@@H](O)[C@@H](C)O[C@H](O[C@@H]2[C@@H](O)[C@@H](O)[C@@H](C)O[C@H]2OC2=CC=CC3=C2C2=C4C(C(=O)OC5=C4C(=C(C)C=C5)C(=O)O2)=C3O)[C@@H]1O,C32H32O14,PONPPNYZKHNPKZ,True,False,False,False,True,CO[C@@H]1[C@@H](O)[C@@H](O[C@H]2[C@@H](O[C@@H]([C@@H]([C@@H]2O)O)C)Oc2cccc3c2c2oc(=O)c4c5c2c(c3O)c(=O)oc5ccc4C)O[C@@H]([C@@H]1O)C,,4.36,1.37,-0.42,-0.37,1.24,,,-2.5600000000000005,2.5600000000000005,0.42999999999999994,0.42999999999999994,2.22,2.22,2.17,2.17,0.56,0.56,4.78,False,False,False,False,False,False
SANG_CMR_EXT_103,R38353381,"2H-1-Benzopyran-2-one, 4-hydroxy-3-[1,2,3,4-tetrahydro-3-[4-[[4-(trifluoromethyl)phenyl]methoxy]phenyl]-1-naphthalenyl]-",90035-08-8,O=c1oc2ccccc2c(O)c1C1CC(c2ccc(OCc3ccc(C(F)(F)F)cc3)cc2)Cc2ccccc21,KKBGNYHHEIAGOH-UHFFFAOYSA-N,4.7,0,N = 0,logP > 3.0,4,542.5530000000002,59.67,1,4,40,False,True,True,False,False,OC1=C(C2CC(CC3=CC=CC=C23)C2=CC=C(OCC3=CC=C(C=C3)C(F)(F)F)C=C2)C(=O)OC2=CC=CC=C12,C33H25F3O4,KKBGNYHHEIAGOH,True,False,False,True,True,O=c1oc2ccccc2c(c1C1CC(Cc2c1cccc2)c1ccc(cc1)OCc1ccc(cc1)C(F)(F)F)O,,7.22,8.96,5.83,6.69,7.18,,,-2.5199999999999996,2.5199999999999996,-4.260000000000001,4.260000000000001,-1.13,1.13,-1.9900000000000002,1.9900000000000002,-2.4799999999999995,2.4799999999999995,3.130000000000001,True,True,True,False,False,False
SANG_CMR_EXT_104,R59814140,CHEMBL1451129,,Cc1cc(=O)oc2cc3c(cc12)CCCN3,PZTQNUMZYIQRGY-UHFFFAOYSA-N,2.7,1,N = 1,1.5 ≤ logP ≤ 3.0,2,215.25199999999995,42.24,1,3,16,False,True,True,False,False,CC1=CC(=O)OC2=CC3=C(CCCN3)C=C12,C13H13NO2,PZTQNUMZYIQRGY,True,False,False,False,True,O=c1cc(C)c2c(o1)cc1c(c2)CCCN1,,1.5,1.89,2.18,1.98,1.89,,,1.2000000000000002,1.2000000000000002,0.8100000000000003,0.8100000000000003,0.52,0.52,0.7200000000000002,0.7200000000000002,0.8100000000000003,0.8100000000000003,0.6800000000000002,False,False,False,False,False,False
SANG_CMR_EXT_105,R59814390,CHEMBL379350,,CCN(CC)c1ccc2cc(C(C)=O)c(=O)oc2c1,JQYDECSZBZCKFQ-UHFFFAOYSA-N,2.0,1,N = 1,1.5 ≤ logP ≤ 3.0,3,259.30499999999995,50.52,0,4,19,False,True,True,False,False,CCN(CC)C1=CC=C2C=C(C(C)=O)C(=O)OC2=C1,C15H17NO3,JQYDECSZBZCKFQ,True,False,False,False,True,CCN(c1ccc2c(c1)oc(=O)c(c2)C(=O)C)CC,,1.18,2.84,1.78,1.75,1.89,,,0.8200000000000001,0.8200000000000001,-0.8399999999999999,0.8399999999999999,0.21999999999999997,0.21999999999999997,0.25,0.25,0.1100000000000001,0.1100000000000001,1.66,False,False,False,False,False,False
SANG_CMR_EXT_106,R59814734,CHEMBL1255978,,Cc1c(-c2ccc(O)cc2)c(=O)oc2cc(O)ccc12,NWVKVBBNCRPFPD-UHFFFAOYSA-N,2.8,0,N = 0,1.5 ≤ logP ≤ 3.0,4,268.268,70.67,2,4,20,False,True,True,False,False,CC1=C(C(=O)OC2=CC(O)=CC=C12)C1=CC=C(O)C=C1,C16H12O4,NWVKVBBNCRPFPD,True,False,False,False,True,Oc1ccc(cc1)c1c(=O)oc2c(c1C)ccc(c2)O,,2.59,3.18,2.14,2.1,2.5,,,0.20999999999999996,0.20999999999999996,-0.38000000000000034,0.38000000000000034,0.6599999999999997,0.6599999999999997,0.6999999999999997,0.6999999999999997,0.2999999999999998,0.2999999999999998,1.08,False,False,False,False,False,True
SANG_CMR_EXT_107,R59815073,CHEMBL1442864,,Cc1cc2c(C)cc(=O)oc2c2c1NCCC2,HNBLXGUKCHVXSO-UHFFFAOYSA-N,2.9,1,N = 1,1.5 ≤ logP ≤ 3.0,2,229.27899999999997,42.24,1,3,17,False,True,True,False,False,CC1=CC(=O)OC2=C3CCCNC3=C(C)C=C12,C14H15NO2,HNBLXGUKCHVXSO,True,False,False,False,True,O=c1cc(C)c2c(o1)c1CCCNc1c(c2)C,,1.87,2.2,2.45,2.46,2.24,,,1.0299999999999998,1.0299999999999998,0.6999999999999997,0.6999999999999997,0.44999999999999973,0.44999999999999973,0.43999999999999995,0.43999999999999995,0.6599999999999997,0.6599999999999997,0.5899999999999999,False,False,False,False,False,False
SANG_CMR_EXT_108,R59815251,CHEMBL467028,,O=c1oc2ccc(O)cc2cc1-c1ccccc1,CYKDIFJDBMRWNV-UHFFFAOYSA-N,3.12,0,N = 0,logP > 3.0,3,238.242,50.44,1,3,18,False,True,True,False,False,OC1=CC=C2OC(=O)C(=CC2=C1)C1=CC=CC=C1,C15H10O3,CYKDIFJDBMRWNV,True,False,False,False,True,Oc1ccc2c(c1)cc(c(=O)o2)c1ccccc1,,2.04,3.17,2.47,2.13,2.45,,,1.08,1.08,-0.04999999999999982,0.04999999999999982,0.6499999999999999,0.6499999999999999,0.9900000000000002,0.9900000000000002,0.6699999999999999,0.6699999999999999,1.13,False,False,False,False,False,True
SANG_CMR_EXT_109,R59815363,CHEMBL486894,,O=c1oc2ccc(O)cc2cc1-c1ccc(O)cc1,XUTYAUVYVISBAC-UHFFFAOYSA-N,2.9,0,N = 0,1.5 ≤ logP ≤ 3.0,4,254.241,70.67,2,4,19,False,True,True,False,False,OC1=CC=C(C=C1)C1=CC2=CC(O)=CC=C2OC1=O,C15H10O4,XUTYAUVYVISBAC,True,False,False,False,True,Oc1ccc(cc1)c1cc2cc(O)ccc2oc1=O,,1.68,2.87,1.89,1.63,2.02,,,1.22,1.22,0.029999999999999805,0.029999999999999805,1.01,1.01,1.27,1.27,0.8799999999999999,0.8799999999999999,1.2400000000000002,False,False,False,False,False,True
SANG_CMR_EXT_110,R59815418,CHEMBL155103,,CCOC(=O)c1cc2ccc(O)cc2oc1=O,IETDBZQIWIJQJG-UHFFFAOYSA-N,1.2,0,N = 0,logP < 1.5,5,234.207,76.74000000000001,1,5,17,False,True,True,False,False,CCOC(=O)C1=CC2=CC=C(O)C=C2OC1=O,C12H10O5,IETDBZQIWIJQJG,True,False,False,False,True,CCOC(=O)c1cc2ccc(cc2oc1=O)O,,0.5,1.68,1.23,0.79,1.05,,,0.7,0.7,-0.48,0.48,-0.030000000000000027,0.030000000000000027,0.4099999999999999,0.4099999999999999,0.1499999999999999,0.1499999999999999,1.18,False,False,False,False,False,True
SANG_CMR_EXT_111,R59815473,CHEMBL510349,,O=c1oc2ccccc2cc1-c1ccccc1,HWDSXZLYIKESML-UHFFFAOYSA-N,3.22,0,N = 0,logP > 3.0,2,222.243,30.21,0,2,17,False,True,True,False,False,O=C1OC2=CC=CC=C2C=C1C1=CC=CC=C1,C15H10O2,HWDSXZLYIKESML,True,False,False,False,True,O=c1oc2ccccc2cc1c1ccccc1,,2.39,3.46,3.09,2.65,2.9,,,0.8300000000000001,0.8300000000000001,-0.23999999999999977,0.23999999999999977,0.13000000000000034,0.13000000000000034,0.5700000000000003,0.5700000000000003,0.3200000000000003,0.3200000000000003,1.0699999999999998,False,False,False,False,False,True
SANG_CMR_EXT_112,R59815583,CHEMBL191528,,CCOc1ccc2ccc(=O)oc2c1,LIFAQMGORKPVDH-UHFFFAOYSA-N,2.2,0,N = 0,1.5 ≤ logP ≤ 3.0,3,190.19799999999995,39.44,0,3,14,False,True,True,False,False,CCOC1=CC=C2C=CC(=O)OC2=C1,C11H10O3,LIFAQMGORKPVDH,True,False,False,False,True,CCOc1cc2oc(=O)ccc2cc1,,0.56,2.19,1.63,1.4,1.45,,,1.6400000000000001,1.6400000000000001,0.010000000000000231,0.010000000000000231,0.5700000000000003,0.5700000000000003,0.8000000000000003,0.8000000000000003,0.7500000000000002,0.7500000000000002,1.63,False,False,False,False,False,True
SANG_CMR_EXT_113,R59815636,CHEMBL1777848,,O=c1oc2c(O)cccc2cc1-c1ccc(O)cc1,HXOYIYQATHNBKZ-UHFFFAOYSA-N,2.8,0,N = 0,1.5 ≤ logP ≤ 3.0,4,254.241,70.67,2,4,19,False,True,True,False,False,OC1=CC=C(C=C1)C1=CC2=CC=CC(O)=C2OC1=O,C15H10O4,HXOYIYQATHNBKZ,True,False,False,False,True,Oc1ccc(cc1)c1cc2cccc(c2oc1=O)O,,1.68,2.87,1.89,1.63,2.02,,,1.1199999999999999,1.1199999999999999,-0.07000000000000028,0.07000000000000028,0.9099999999999999,0.9099999999999999,1.17,1.17,0.7799999999999998,0.7799999999999998,1.2400000000000002,False,False,False,False,False,True
SANG_CMR_EXT_114,R59815657,CHEMBL1915315,,O=c1oc2cc(O)ccc2cc1-c1ccc(O)cc1,FLVROUNAFWXBQG-UHFFFAOYSA-N,2.9,0,N = 0,1.5 ≤ logP ≤ 3.0,4,254.241,70.67,2,4,19,False,True,True,False,False,OC1=CC=C(C=C1)C1=CC2=CC=C(O)C=C2OC1=O,C15H10O4,FLVROUNAFWXBQG,True,False,False,False,True,Oc1ccc(cc1)c1cc2ccc(cc2oc1=O)O,,1.68,2.87,1.89,1.63,2.02,,,1.22,1.22,0.029999999999999805,0.029999999999999805,1.01,1.01,1.27,1.27,0.8799999999999999,0.8799999999999999,1.2400000000000002,False,False,False,False,False,True
SANG_CMR_EXT_115,R59815992,CHEMBL71271,,O=c1oc2ccccc2cc1-c1ccc(O)cc1,ROGXIFKSIOPJFE-UHFFFAOYSA-N,3.0,0,N = 0,1.5 ≤ logP ≤ 3.0,3,238.242,50.44,1,3,18,False,True,True,False,False,OC1=CC=C(C=C1)C1=CC2=CC=CC=C2OC1=O,C15H10O3,ROGXIFKSIOPJFE,True,False,False,False,True,Oc1ccc(cc1)c1cc2ccccc2oc1=O,,2.04,3.17,2.47,2.13,2.45,,,0.96,0.96,-0.16999999999999993,0.16999999999999993,0.5299999999999998,0.5299999999999998,0.8700000000000001,0.8700000000000001,0.5499999999999998,0.5499999999999998,1.13,False,False,False,False,False,True
SANG_CMR_EXT_116,R59816276,CHEMBL1258188,,COc1ccc(-c2c(C)c3ccc(OC)cc3oc2=O)cc1,QKTZSGVZWBCCAP-UHFFFAOYSA-N,3.31,0,N = 0,logP > 3.0,4,296.322,48.67,0,4,22,False,True,True,False,False,COC1=CC=C(C=C1)C1=C(C)C2=CC=C(OC)C=C2OC1=O,C18H16O4,QKTZSGVZWBCCAP,True,False,False,False,True,COc1ccc(cc1)c1c(=O)oc2c(c1C)ccc(c2)OC,,3.24,3.79,2.62,3.14,3.2,,,0.06999999999999984,0.06999999999999984,-0.48,0.48,0.69,0.69,0.16999999999999993,0.16999999999999993,0.10999999999999988,0.10999999999999988,1.17,False,False,False,False,False,False
SANG_CMR_EXT_117,R59822998,,,CC(=O)c1cc2ccc(O)cc2oc1=O,BRQZHMHHZLRXOO-UHFFFAOYSA-N,1.21,0,N = 0,logP < 1.5,4,204.18099999999995,67.50999999999999,1,4,15,False,True,True,False,False,CC(=O)C1=CC2=CC=C(O)C=C2OC1=O,C11H8O4,BRQZHMHHZLRXOO,True,False,False,False,True,Oc1ccc2c(c1)oc(=O)c(c2)C(=O)C,,-0.03,1.7,0.7,0.89,0.82,,,1.24,1.24,-0.49,0.49,0.51,0.51,0.31999999999999995,0.31999999999999995,0.39,0.39,1.73,False,False,False,False,False,True
SANG_CMR_EXT_118,R59824892,"Benzamide, N-[7-[[6-deoxy-5-C-methyl-4-O-methyl-α-L-lyxohexopyranosyl]oxy]-8-chloro-4-hydroxy-2-oxo-2H-1-benzopyran-3-yl]-4-hydroxy-3-(3-methyl-2-butenyl)-",75057-95-3,COC1C(O)C(O)C(O)C(Oc2ccc3c(O)c(NC(=O)c4ccc(O)c(CC=C(C)C)c4)c(=O)oc3c2Cl)OC1(C)C,UNHOCNUKAMXNIW-UHFFFAOYSA-N,1.85,1,N = 1,1.5 ≤ logP ≤ 3.0,11,620.0510000000002,188.15,6,11,43,False,True,True,False,False,COC1C(O)C(O)C(O)C(OC2=CC=C3C(O)=C(NC(=O)C4=CC=C(O)C(CC=C(C)C)=C4)C(=O)OC3=C2Cl)OC1(C)C,C30H34ClNO11,UNHOCNUKAMXNIW,True,False,False,False,True,COC1C(O)C(O)C(C(OC1(C)C)Oc1ccc2c(c1Cl)oc(=O)c(c2O)NC(=O)c1ccc(c(c1)CC=C(C)C)O)O,,2.18,3.04,0.78,1.62,1.91,,,-0.33000000000000007,0.33000000000000007,-1.19,1.19,1.07,1.07,0.22999999999999998,0.22999999999999998,-0.05999999999999983,0.05999999999999983,2.26,True,False,False,False,True,False
SANG_CMR_EXT_119,R59824908,"Benzamide, N-[7-[(6-deoxy-5-C-methyl-4-O-methyl-α-L-lyxohexopyranosyl)oxy]-4-hydroxy-8-methyl-2-oxo-2H-1-benzopyran-3-yl]-4-hydroxy-3-(3-methyl-2-butenyl)-",75057-97-5,CO[C@@H]1[C@@H](O)[C@@H](O)[C@H](Oc2ccc3c(O)c(NC(=O)c4ccc(O)c(CC=C(C)C)c4)c(=O)oc3c2C)OC1(C)C,UZHGFJZFJRMSOS-NANZAVOOSA-N,1.39,1,N = 1,logP < 1.5,10,569.6070000000003,167.92,5,10,41,False,True,True,False,False,CO[C@@H]1[C@@H](O)[C@@H](O)[C@H](OC2=C(C)C3=C(C=C2)C(O)=C(NC(=O)C2=CC(CC=C(C)C)=C(O)C=C2)C(=O)O3)OC1(C)C,C30H35NO10,UZHGFJZFJRMSOS,True,False,False,False,True,CO[C@@H]1[C@@H](O)[C@@H](O)[C@@H](OC1(C)C)Oc1ccc2c(c1C)oc(=O)c(c2O)NC(=O)c1ccc(c(c1)CC=C(C)C)O,,2.53,3.33,1.08,2.15,2.27,,,-1.14,1.14,-1.9400000000000002,1.9400000000000002,0.30999999999999983,0.30999999999999983,-0.76,0.76,-0.8800000000000001,0.8800000000000001,2.25,True,False,False,False,True,False
SANG_CMR_EXT_120,R59824918,"Benzamide, N-[7-[[3-O-(aminocarbonyl)-6-deoxy-5-C-methyl-4-O-methyl-α-L-lyxohexopyranosyl]oxy]-4-hydroxy-8-methyl-2-oxo-2H-1-benzopyran-3-yl]-4-hydroxy-3-(3-methyl-2-butenyl)-",303-81-1,CO[C@@H]1[C@@H](OC(N)=O)[C@@H](O)[C@H](Oc2ccc3c(O)c(NC(=O)c4ccc(O)c(CC=C(C)C)c4)c(=O)oc3c2C)OC1(C)C,YJQPYGGHQPGBLI-KGSXXDOSSA-N,1.33,2,N = 2–3,logP < 1.5,11,612.6320000000002,200.01,5,11,44,False,True,True,False,False,CO[C@@H]1[C@@H](OC(N)=O)[C@@H](O)[C@H](OC2=CC=C3C(O)=C(NC(=O)C4=CC(CC=C(C)C)=C(O)C=C4)C(=O)OC3=C2C)OC1(C)C,C31H36N2O11,YJQPYGGHQPGBLI,True,False,False,False,True,CO[C@@H]1[C@@H](OC(=O)N)[C@@H](O)[C@@H](OC1(C)C)Oc1ccc2c(c1C)oc(=O)c(c2O)NC(=O)c1ccc(c(c1)CC=C(C)C)O,,2.54,3.44,0.91,1.44,2.08,,,-1.21,1.21,-2.11,2.11,0.42000000000000004,0.42000000000000004,-0.10999999999999988,0.10999999999999988,-0.75,0.75,2.53,True,False,False,False,True,False
SANG_CMR_EXT_121,R59824938,"1H-Pyrrole-2-carboxylic acid, 5-methyl-, 3'-ester with N-[8-chloro-7-[(6-deoxy-5-C-methyl-4-O-methyl-α-L-lyxohexopyranosyl)oxy]-4-hydroxy-2-oxo-2H-1-benzopyran-3-yl-4-hydroxy-3-(3-methyl-2-butenyl)benzamide",39868-96-7,CO[C@H]1[C@H](OC(=O)c2ccc(C)[nH]2)[C@H](O)[C@H](Oc2ccc3c(O)c(NC(=O)c4ccc(O)c(CC=C(C)C)c4)c(=O)oc3c2Cl)OC1(C)C,FJAQNRBDVKIIKK-AKMMMNCQSA-N,3.2,2,N = 2–3,logP > 3.0,11,697.1370000000002,189.78,5,11,49,False,True,True,False,False,CO[C@H]1[C@H](OC(=O)C2=CC=C(C)N2)[C@H](O)[C@H](OC2=C(Cl)C3=C(C=C2)C(O)=C(NC(=O)C2=CC(CC=C(C)C)=C(O)C=C2)C(=O)O3)OC1(C)C,C35H37ClN2O11,FJAQNRBDVKIIKK,True,False,False,False,True,CO[C@H]1[C@H](OC(=O)c2ccc([nH]2)C)[C@H](O)[C@@H](OC1(C)C)Oc1ccc2c(c1Cl)oc(=O)c(c2O)NC(=O)c1ccc(c(c1)CC=C(C)C)O,,4.55,5.18,1.52,0.96,3.05,,,-1.3499999999999996,1.3499999999999996,-1.9799999999999995,1.9799999999999995,1.6800000000000002,1.6800000000000002,2.24,2.24,0.15000000000000036,0.15000000000000036,4.22,False,False,False,True,True,False
SANG_CMR_EXT_122,R59824939,"1H-Pyrrole-2-carboxylic acid, 5-methyl-, 3'-ester with N-[7-[(6-deoxy-5-C-methyl-4-O-methyl-α-L-lyxohexopyranosyl)oxy]-4-hydroxy-2-oxo-2H-1-benzopyran-3-yl]-4-hydroxy-3-(3-methyl-2-butenyl)benzamide",75057-96-4,COC1C(OC(=O)c2ccc(C)[nH]2)C(O)C(Oc2ccc3c(O)c(NC(=O)c4ccc(O)c(CC=C(C)C)c4)c(=O)oc3c2)OC1(C)C,GMMYCBAAMDJSHV-UHFFFAOYSA-N,1.86,2,N = 2–3,1.5 ≤ logP ≤ 3.0,11,662.6920000000002,189.78,5,11,48,False,True,True,False,False,COC1C(OC(=O)C2=CC=C(C)N2)C(O)C(OC2=CC=C3C(O)=C(NC(=O)C4=CC=C(O)C(CC=C(C)C)=C4)C(=O)OC3=C2)OC1(C)C,C35H38N2O11,GMMYCBAAMDJSHV,True,False,False,False,True,COC1C(OC(=O)c2ccc([nH]2)C)C(O)C(OC1(C)C)Oc1ccc2c(c1)oc(=O)c(c2O)NC(=O)c1ccc(c(c1)CC=C(C)C)O,,3.93,4.53,1.07,0.72,2.56,,,-2.0700000000000003,2.0700000000000003,-2.67,2.67,0.79,0.79,1.1400000000000001,1.1400000000000001,-0.7,0.7,3.8100000000000005,True,False,False,False,True,False
SANG_CMR_EXT_123,R59824940,"1H-Pyrrole-2-carboxylic acid, 5-methyl-, 3'-ester with N-[8-chloro-7-[(6-deoxy-5-C-methyl-4-O-methyl-α-L-lyxohexopyranosyl)oxy]-4-hydroxy-2-oxo-2H-1-benzopyran-3-yl-4-hydroxy-3-(3-methylbutyl)benzamide",75061-28-8,CO[C@H]1[C@@H](OC(=O)c2ccc(C)[nH]2)[C@@H](O)[C@H](Oc2ccc3c(O)c(NC(=O)c4ccc(O)c(CCC(C)C)c4)c(=O)oc3c2Cl)OC1(C)C,OQFNFMBPTIKDAN-FWKPNULXSA-N,3.73,2,N = 2–3,logP > 3.0,11,699.1530000000001,189.78,5,11,49,False,True,True,False,False,CO[C@H]1[C@@H](OC(=O)C2=CC=C(C)N2)[C@@H](O)[C@H](OC2=C(Cl)C3=C(C=C2)C(O)=C(NC(=O)C2=CC(CCC(C)C)=C(O)C=C2)C(=O)O3)OC1(C)C,C35H39ClN2O11,OQFNFMBPTIKDAN,True,False,False,False,True,CO[C@H]1[C@@H](OC(=O)c2ccc([nH]2)C)[C@@H](O)[C@@H](OC1(C)C)Oc1ccc2c(c1Cl)oc(=O)c(c2O)NC(=O)c1ccc(c(c1)CCC(C)C)O,,4.76,5.26,1.59,1.12,3.18,,,-1.0299999999999998,1.0299999999999998,-1.5299999999999998,1.5299999999999998,2.1399999999999997,2.1399999999999997,2.61,2.61,0.5499999999999998,0.5499999999999998,4.14,False,False,False,True,True,False
SANG_CMR_EXT_124,R59824953,"Benzoic acid, ester with N-[7-[(6-deoxy-5-C-methyl-4-O-methyl-α-L-lyxohexopyranosyl)oxy]-4-hydroxy-8-methyl-2-oxo-2H-1-benzopyran-3-yl]-4-hydroxy-3-(3-methyl-2-butenyl)benzamide",75057-93-1,COC1C(OC(=O)c2ccccc2)C(O)C(Oc2ccc3c(O)c(NC(=O)c4ccc(O)c(CC=C(C)C)c4)c(=O)oc3c2C)OC1(C)C,ZULADMPITBFXSX-UHFFFAOYSA-N,2.67,1,N = 1,1.5 ≤ logP ≤ 3.0,11,673.7150000000001,173.98999999999998,4,11,49,False,True,True,False,False,COC1C(OC(=O)C2=CC=CC=C2)C(O)C(OC2=C(C)C3=C(C=C2)C(O)=C(NC(=O)C2=CC=C(O)C(CC=C(C)C)=C2)C(=O)O3)OC1(C)C,C37H39NO11,ZULADMPITBFXSX,True,False,False,False,True,COC1C(OC(=O)c2ccccc2)C(O)C(OC1(C)C)Oc1ccc2c(c1C)oc(=O)c(c2O)NC(=O)c1ccc(c(c1)CC=C(C)C)O,,4.77,5.2,2.15,3.73,3.96,,,-2.0999999999999996,2.0999999999999996,-2.5300000000000002,2.5300000000000002,0.52,0.52,-1.06,1.06,-1.29,1.29,3.0500000000000003,True,False,False,True,True,False
SANG_CMR_EXT_125,R38354410,Punicalagin,65995-63-3,O=CC1OC(=O)c2cc(O)c(O)c(O)c2-c2c(cc(O)c(O)c2O)C(=O)OC1C1OC(=O)c2cc(O)c(O)c(O)c2-c2c(O)c(O)c3oc(=O)c4c(c(O)c(O)c5oc(=O)c2c3c54)-c2c(cc(O)c(O)c2O)C(=O)OCC1O,SKNLUADAGHCXKF-UHFFFAOYSA-N,-2.7,0,N = 0,logP < 1.5,30,1084.7220000000002,526.6,17,30,78,False,True,True,False,False,OC1COC(=O)C2=CC(O)=C(O)C(O)=C2C2=C(O)C(O)=C3OC(=O)C4=C5C(OC(=O)C2=C35)=C(O)C(O)=C4C2=C(O)C(O)=C(O)C=C2C(=O)OC1C1OC(=O)C2=CC(O)=C(O)C(O)=C2C2=C(O)C(O)=C(O)C=C2C(=O)OC1C=O,C48H28O30,SKNLUADAGHCXKF,True,False,False,False,True,O=CC1OC(=O)c2cc(O)c(c(c2c2c(C(=O)OC1C1OC(=O)c3cc(O)c(c(c3c3c(O)c(O)c4c5c3c(=O)oc3c5c(c(c5c(C(=O)OCC1O)cc(O)c(c5O)O)c(O)c3O)c(=O)o4)O)O)cc(c(c2O)O)O)O)O,,3.7,1.8,-3.76,-2.4,-0.16,,,-6.4,6.4,-4.5,4.5,1.0599999999999996,1.0599999999999996,-0.30000000000000027,0.30000000000000027,-2.54,2.54,7.46,True,True,True,False,False,False
SANG_CMR_EXT_126,R38354413,Terflavin,103744-85-0,O=C(OC[C@H]1OC(O)[C@@H]2OC(=O)c3cc(O)c(O)c(O)c3-c3c(cc(O)c(O)c3O)C(=O)O[C@H]2[C@@H]1OC(=O)c1cc(O)c(O)c(O)c1-c1c(O)c(O)c2oc(=O)c3cc(O)c(O)c4oc(=O)c1c2c43)c1cc(O)c(O)c(O)c1,GUFQOTZNNCMJKO-XYVIXAOVSA-N,-2.15,0,N = 0,logP < 1.5,30,1086.7380000000005,518.7600000000001,17,30,78,False,True,True,False,False,OC1O[C@H](COC(=O)C2=CC(O)=C(O)C(O)=C2)[C@@H](OC(=O)C2=CC(O)=C(O)C(O)=C2C2=C(O)C(O)=C3OC(=O)C4=CC(O)=C(O)C5=C4C3=C2C(=O)O5)[C@@H]2OC(=O)C3=CC(O)=C(O)C(O)=C3C3=C(O)C(O)=C(O)C=C3C(=O)O[C@@H]12,C48H30O30,GUFQOTZNNCMJKO,True,False,False,False,True,OC1O[C@H](COC(=O)c2cc(O)c(c(c2)O)O)[C@H]([C@H]2[C@H]1OC(=O)c1cc(O)c(c(c1c1c(C(=O)O2)cc(c(c1O)O)O)O)O)OC(=O)c1cc(O)c(c(c1c1c(O)c(O)c2c3c1c(=O)oc1c3c(c(=O)o2)cc(c1O)O)O)O,,4.29,1.98,-3.29,-2.55,0.11,,,-6.4399999999999995,6.4399999999999995,-4.13,4.13,1.1400000000000001,1.1400000000000001,0.3999999999999999,0.3999999999999999,-2.26,2.26,7.58,True,True,True,False,False,False
