Compound_ID,SMILES,logP_exp,n_replicates,Source_record_count,Accepted_experimental_logP_values,Source_reference,Measurement_method,Experimental_conditions,Data_Tier,DOI,Journal,Year,Authors,Curation_notes
CMR_GOLD_001,COC1=CC=CC=C1C(C2=C(O)C3=C(OC2=O)C=CC=C3)C4=C(O)C5=C(OC4=O)C=CC=C5,2.505,6,6,R1: 2.57; R2: 2.58; R3: 2.5; R4: 2.51; R5: 2.46; R6: 2.36,"Medić-Šarić et al., 2004, Croatica Chemica Acta",Shake-flask (octanol–water),High,STRICT-GOLD,,Croatica Chemica Acta,2004,Medić-Šarić et al.,Multiple accepted source/replicate records were consolidated by median Experimental_logP; median value matches Dataset_S1 logP_exp. Raw notes: Replicated shake-flask measurements
CMR_GOLD_002,O=C1C(CSC2=NC(N)=NC3=C2N=C(SCC4=CC5=C(C=CC(C)=C5)OC4=O)N3C6[C@@H](O)[C@@H](O)[C@@H](CO)O6)=CC7=C(C=CC(C)=C7)O1,3.22,1,1,R1: 3.22,"Hwu et al., 2019, European Journal of Medicinal Chemistry, DOI: 10.1016/j.ejmech.2019.01.037",Shake-flask (octanol–water),High,STRICT-GOLD,10.1016/j.ejmech.2019.01.037,European Journal of Medicinal Chemistry,2019,Hwu et al.,Single accepted experimental record; value matches Dataset_S1 logP_exp. Raw notes: Single reported experimental value
CMR_GOLD_003,O=C1C(CSC2=NC(N)=NC3=C2N=C(SCC4=CC5=C(C=CC(OC)=C5)OC4=O)N3C6[C@@H](O)[C@@H](O)[C@@H](CO)O6)=CC7=C(C=CC(OC)=C7)O1,3.01,1,1,R1: 3.01,"Hwu et al., 2019, European Journal of Medicinal Chemistry, DOI: 10.1016/j.ejmech.2019.01.037",Shake-flask (octanol–water),High,STRICT-GOLD,10.1016/j.ejmech.2019.01.037,European Journal of Medicinal Chemistry,2019,Hwu et al.,Single accepted experimental record; value matches Dataset_S1 logP_exp. Raw notes: Single reported experimental value
CMR_GOLD_004,O=C1C(CSC2=NC(N)=NC3=C2N=C(SCC4=CC5=C(C(OC)=CC=C5)OC4=O)N3C6[C@@H](O)[C@@H](O)[C@@H](CO)O6)=CC7=C(C(OC)=CC=C7)O1,2.97,1,1,R1: 2.97,"Hwu et al., 2019, European Journal of Medicinal Chemistry, DOI: 10.1016/j.ejmech.2019.01.037",Shake-flask (octanol–water),High,STRICT-GOLD,10.1016/j.ejmech.2019.01.037,European Journal of Medicinal Chemistry,2019,Hwu et al.,Single accepted experimental record; value matches Dataset_S1 logP_exp. Raw notes: Single reported experimental value
CMR_GOLD_005,O=C1C(CSC2=NC(N)=NC3=C2N=C(SC4=CC=CC=C4)N3C5[C@@H](O)[C@@H](O)[C@@H](CO)O5)=CC6=C(C=CC(OC)=C6)O1,2.78,1,1,R1: 2.78,"Hwu et al., 2019, European Journal of Medicinal Chemistry, DOI: 10.1016/j.ejmech.2019.01.037",Shake-flask (octanol–water),High,STRICT-GOLD,10.1016/j.ejmech.2019.01.037,European Journal of Medicinal Chemistry,2019,Hwu et al.,Single accepted experimental record; value matches Dataset_S1 logP_exp. Raw notes: Single reported experimental value
CMR_GOLD_006,O=C1C(CSC2=NC(N)=NC3=C2N=C(SC#CC#CC#CC#CC#C)N3C4[C@@H](O)[C@@H](O)[C@@H](CO)O4)=CC5=C(C=CC(OC)=C5)O1.[HH].[HH].[HH],3.77,1,1,R1: 3.77,"Hwu et al., 2019, European Journal of Medicinal Chemistry, DOI: 10.1016/j.ejmech.2019.01.037",Shake-flask (octanol–water),High,STRICT-GOLD,10.1016/j.ejmech.2019.01.037,European Journal of Medicinal Chemistry,2019,Hwu et al.,Single accepted experimental record; value matches Dataset_S1 logP_exp. Raw notes: Single reported experimental value
CMR_GOLD_007,O=C1C=C(CSC2=NC3=C(C=CC=C3)C(NC4=CC=CC=C4)=N2)C5=C(C=CC(C(C)(C)C)=C5)O1,4.88,1,1,R1: 4.88,"Hwu et al., 2022, European Journal of Medicinal Chemistry, DOI: 10.1016/j.ejmech.2022.114164",Shake-flask (octanol–water),High,STRICT-GOLD,10.1016/j.ejmech.2022.114164,European Journal of Medicinal Chemistry,2022,Hwu et al.,"Single accepted experimental record; value matches Dataset_S1 logP_exp. Raw notes: Shake-flask per ref.59 (mutually saturated, n=6, UV)"
CMR_GOLD_008,O=C1C=C(CSC2=NC3=C(C=CC=C3)C(NC4=CC=CC(C)=C4C)=N2)C5=C(C=CC(C(C)(C)C)=C5)O1,5.04,1,1,R1: 5.04,"Hwu et al., 2022, European Journal of Medicinal Chemistry, DOI: 10.1016/j.ejmech.2022.114164",Shake-flask (octanol–water),High,STRICT-GOLD,10.1016/j.ejmech.2022.114164,European Journal of Medicinal Chemistry,2022,Hwu et al.,"Single accepted experimental record; value matches Dataset_S1 logP_exp. Raw notes: Shake-flask per ref.59 (mutually saturated, n=6, UV)"
CMR_GOLD_009,O=C1C=C(CSC2=NC3=C(C=CC=C3)C(NC4=CC=C(C)C=C4C)=N2)C5=C(C=CC(C(C)(C)C)=C5)O1,5.03,1,1,R1: 5.03,"Hwu et al., 2022, European Journal of Medicinal Chemistry, DOI: 10.1016/j.ejmech.2022.114164",Shake-flask (octanol–water),High,STRICT-GOLD,10.1016/j.ejmech.2022.114164,European Journal of Medicinal Chemistry,2022,Hwu et al.,"Single accepted experimental record; value matches Dataset_S1 logP_exp. Raw notes: Shake-flask per ref.59 (mutually saturated, n=6, UV)"
CMR_GOLD_010,O=C1C=C(CSC2=NC3=C(C=CC=C3)C(NC4=CC=CC=C4OC)=N2)C5=C(C=CC(C(C)(C)C)=C5)O1,4.76,1,1,R1: 4.76,"Hwu et al., 2022, European Journal of Medicinal Chemistry, DOI: 10.1016/j.ejmech.2022.114164",Shake-flask (octanol–water),High,STRICT-GOLD,10.1016/j.ejmech.2022.114164,European Journal of Medicinal Chemistry,2022,Hwu et al.,"Single accepted experimental record; value matches Dataset_S1 logP_exp. Raw notes: Shake-flask per ref.59 (mutually saturated, n=6, UV)"
CMR_GOLD_011,O=C1C=C(CSC2=NC3=C(C=CC=C3)C(NC4=CC=NC=C4)=N2)C5=C(C=CC(C(C)(C)C)=C5)O1,3.93,1,1,R1: 3.93,"Hwu et al., 2022, European Journal of Medicinal Chemistry, DOI: 10.1016/j.ejmech.2022.114164",Shake-flask (octanol–water),High,STRICT-GOLD,10.1016/j.ejmech.2022.114164,European Journal of Medicinal Chemistry,2022,Hwu et al.,"Single accepted experimental record; value matches Dataset_S1 logP_exp. Raw notes: Shake-flask per ref.59 (mutually saturated, n=6, UV)"
CMR_GOLD_012,O=C1OC2=C(C=CC=C2)C(O)=C1,2.37,1,1,R_Mean: 2.37,"van der Giesen & Janssen, 1982, International Journal of Pharmaceutics",Shake-flask (octanol–water),High,STRICT-GOLD,,International Journal of Pharmaceutics,1982,van der Giesen & Janssen,"Single accepted experimental record; value matches Dataset_S1 logP_exp. Raw notes: log P_HA from Table 2 (unionized acid), mean value, unionized (log P_HA; extrapolated)"
CMR_GOLD_013,O=C(OC1=CC=CC=C12)C(C(C3=CC=CC=C3)CC(C)=O)=C2O,3.28,1,1,R_Mean: 3.28,"van der Giesen & Janssen, 1982, International Journal of Pharmaceutics",Shake-flask (octanol–water),High,STRICT-GOLD,,International Journal of Pharmaceutics,1982,van der Giesen & Janssen,"Single accepted experimental record; value matches Dataset_S1 logP_exp. Raw notes: log P_HA from Table 2 (unionized acid), mean value, unionized (log P_HA; extrapolated)"
CMR_GOLD_014,CC(CC(C1=C(C2=CC=CC=C2OC1=O)O)C3=CC=C([N+]([O-])=O)C=C3)=O,3.24,1,1,R_Mean: 3.24,"van der Giesen & Janssen, 1982, International Journal of Pharmaceutics",Shake-flask (octanol–water),High,STRICT-GOLD,,International Journal of Pharmaceutics,1982,van der Giesen & Janssen,"Single accepted experimental record; value matches Dataset_S1 logP_exp. Raw notes: log P_HA from Table 2 (unionized acid), mean value, unionized (log P_HA; extrapolated)"
CMR_GOLD_016,O=C1C(C(C(OCC)=O)C2=C(O)C3=CC=CC=C3OC2=O)=C(O)C4=CC=CC=C4O1,4.93,1,1,R_Mean: 4.93,"van der Giesen & Janssen, 1982, International Journal of Pharmaceutics",Shake-flask (octanol–water),High,STRICT-GOLD,,International Journal of Pharmaceutics,1982,van der Giesen & Janssen,"Single accepted experimental record; value matches Dataset_S1 logP_exp. Raw notes: log P_HA obtained by extrapolation (Table 2 note b), unionized (log P_HA; extrapolated)"
CMR_GOLD_017,COCC(C1=C(C2=CC=CC=C2OC1=O)O)C3=C(C4=CC=CC=C4OC3=O)O,4.55,1,1,R_Mean: 4.55,"van der Giesen & Janssen, 1982, International Journal of Pharmaceutics",Shake-flask (octanol–water),High,STRICT-GOLD,,International Journal of Pharmaceutics,1982,van der Giesen & Janssen,"Single accepted experimental record; value matches Dataset_S1 logP_exp. Raw notes: log P_HA obtained by extrapolation (Table 2 note b), unionized (log P_HA; extrapolated)"
CMR_GOLD_018,O=C1OC2=C(C=C(Br)C=C2)C=C1C3=CSC(N4C=C(C=O)C(C5=CC=CC=C5)=N4)=N3,3.304,1,1,R1: 3.304,"Vaarla et al., 2015, Bioorganic & Medicinal Chemistry Letters, DOI: 10.1016/j.bmcl.2015.10.042",Shake-flask (octanol–water),Moderate,GOLD,10.1016/j.bmcl.2015.10.042,Bioorganic & Medicinal Chemistry Letters,2015,Vaarla et al.,Single accepted experimental record; value matches Dataset_S1 logP_exp. Raw notes: Shake-flask (n-octanol / phosphate buffer)
CMR_GOLD_019,O=C1OC2=C(C=C(Br)C=C2Br)C=C1C3=CSC(N4C=C(C=O)C(C5=CC=CC=C5)=N4)=N3,3.112,1,1,R1: 3.112,"Vaarla et al., 2015, Bioorganic & Medicinal Chemistry Letters, DOI: 10.1016/j.bmcl.2015.10.043",Shake-flask (octanol–water),Moderate,GOLD,10.1016/j.bmcl.2015.10.043,Bioorganic & Medicinal Chemistry Letters,2015,Vaarla et al.,Single accepted experimental record; value matches Dataset_S1 logP_exp. Raw notes: Shake-flask (n-octanol / phosphate buffer)
CMR_GOLD_020,O=C1OC2=C(C3=C(C=CC=C3)C=C2)C=C1C4=CSC(N5C=C(C=O)C(C6=CC=CC=C6)=N5)=N4,3.537,1,1,R1: 3.537,"Vaarla et al., 2015, Bioorganic & Medicinal Chemistry Letters, DOI: 10.1016/j.bmcl.2015.10.044",Shake-flask (octanol–water),Moderate,GOLD,10.1016/j.bmcl.2015.10.044,Bioorganic & Medicinal Chemistry Letters,2015,Vaarla et al.,Single accepted experimental record; value matches Dataset_S1 logP_exp. Raw notes: Shake-flask (n-octanol / phosphate buffer)
CMR_GOLD_021,O=C1OC2=C(C=C(Cl)C=C2)C=C1C3=CSC(N4C=C(C=O)C(C5=CC=C(Cl)C=C5)=N4)=N3,3.059,1,1,R1: 3.059,"Vaarla et al., 2015, Bioorganic & Medicinal Chemistry Letters, DOI: 10.1016/j.bmcl.2015.10.045",Shake-flask (octanol–water),Moderate,GOLD,10.1016/j.bmcl.2015.10.045,Bioorganic & Medicinal Chemistry Letters,2015,Vaarla et al.,Single accepted experimental record; value matches Dataset_S1 logP_exp. Raw notes: Shake-flask (n-octanol / phosphate buffer)
CMR_GOLD_022,O=C1OC2=C(C=C(Cl)C=C2Cl)C=C1C3=CSC(N4C=C(C=O)C(C5=CC=C(Cl)C=C5)=N4)=N3,3.002,1,1,R1: 3.002,"Vaarla et al., 2015, Bioorganic & Medicinal Chemistry Letters, DOI: 10.1016/j.bmcl.2015.10.046",Shake-flask (octanol–water),Moderate,GOLD,10.1016/j.bmcl.2015.10.046,Bioorganic & Medicinal Chemistry Letters,2015,Vaarla et al.,Single accepted experimental record; value matches Dataset_S1 logP_exp. Raw notes: Shake-flask (n-octanol / phosphate buffer)
CMR_GOLD_023,O=C1OC2=C(C=C(Br)C=C2)C=C1C3=CSC(N4C=C(C=O)C(C5=CC=C(Cl)C=C5)=N4)=N3,3.067,1,1,R1: 3.067,"Vaarla et al., 2015, Bioorganic & Medicinal Chemistry Letters, DOI: 10.1016/j.bmcl.2015.10.047",Shake-flask (octanol–water),Moderate,GOLD,10.1016/j.bmcl.2015.10.047,Bioorganic & Medicinal Chemistry Letters,2015,Vaarla et al.,Single accepted experimental record; value matches Dataset_S1 logP_exp. Raw notes: Shake-flask (n-octanol / phosphate buffer)
CMR_GOLD_024,O=C1OC2=C(C=C(Cl)C=C2Cl)C=C1C3=CSC(N4C=C(C=O)C(C5=CC=C(C)C=C5)=N4)=N3,3.602,1,1,R1: 3.602,"Vaarla et al., 2015, Bioorganic & Medicinal Chemistry Letters, DOI: 10.1016/j.bmcl.2015.10.048",Shake-flask (octanol–water),Moderate,GOLD,10.1016/j.bmcl.2015.10.048,Bioorganic & Medicinal Chemistry Letters,2015,Vaarla et al.,Single accepted experimental record; value matches Dataset_S1 logP_exp. Raw notes: Shake-flask (n-octanol / phosphate buffer)
CMR_GOLD_025,O=C1OC2=C(C=C(Br)C=C2Br)C=C1C3=CSC(N4C=C(C=O)C(C5=CC=C(C)C=C5)=N4)=N3,3.336,1,1,R1: 3.336,"Vaarla et al., 2015, Bioorganic & Medicinal Chemistry Letters, DOI: 10.1016/j.bmcl.2015.10.049",Shake-flask (octanol–water),Moderate,GOLD,10.1016/j.bmcl.2015.10.049,Bioorganic & Medicinal Chemistry Letters,2015,Vaarla et al.,Single accepted experimental record; value matches Dataset_S1 logP_exp. Raw notes: Shake-flask (n-octanol / phosphate buffer)
CMR_GOLD_026,CCC(C1=C(C2=C(C=CC=C2)OC1=O)O)C3=CC=CC=C3,3.04,1,1,R_Mean: 3.04,"Lullmann et al., 1980, Journal of Medicinal Chemistry",Shake-flask (octanol–water),High,STRICT-GOLD,,Journal of Medicinal Chemistry,1980,Lullmann et al.,Single accepted experimental record; value matches Dataset_S1 logP_exp. Raw notes: Experimental logP (octanol/water) reported for uncharged species; ionizable coumarin-derived anticoagulant.
CMR_GOLD_027,O=C1OC2=C(C=CC(OCC(O)CN3C=NC=N3)=C2)C(C)=C1,0.45,1,1,R_Mean: 0.45,"Damu et al., 2014, Bioorganic & Medicinal Chemistry Letters, DOI: 10.1016/j.bmcl.2014.05.029","Shake-flask (n-octanol/water, UV–Vis)",High,STRICT-GOLD,10.1016/j.bmcl.2014.05.029,Bioorganic & Medicinal Chemistry Letters,2014,Damu et al.,Single accepted experimental record; value matches Dataset_S1 logP_exp. Raw notes: Experimental logP measured by traditional saturation shake-flask method with UV–Vis detection; n-octanol/water system; 24 h equilibration at 25 °C; experiments performed in triplicate (see Supplementary Information).
CMR_GOLD_028,O=C1OC2=C(C=CC(OCC(O)CN3N=NC4=C3C=CC=C4)=C2)C(C)=C1,0.6,1,1,R_Mean: 0.6,"Damu et al., 2014, Bioorganic & Medicinal Chemistry Letters, DOI: 10.1016/j.bmcl.2014.05.029","Shake-flask (n-octanol/water, UV–Vis)",High,STRICT-GOLD,10.1016/j.bmcl.2014.05.029,Bioorganic & Medicinal Chemistry Letters,2014,Damu et al.,Single accepted experimental record; value matches Dataset_S1 logP_exp. Raw notes: Experimental logP measured by traditional saturation shake-flask method with UV–Vis detection; n-octanol/water system; 24 h equilibration at 25 °C; experiments performed in triplicate (see Supplementary Information).
CMR_GOLD_029,O=C1OC2=C(C=CC(OCC(O)CN3C=NC4=C3C=CC=C4)=C2)C(C)=C1,0.55,1,1,R_Mean: 0.55,"Damu et al., 2014, Bioorganic & Medicinal Chemistry Letters, DOI: 10.1016/j.bmcl.2014.05.029","Shake-flask (n-octanol/water, UV–Vis)",High,STRICT-GOLD,10.1016/j.bmcl.2014.05.029,Bioorganic & Medicinal Chemistry Letters,2014,Damu et al.,Single accepted experimental record; value matches Dataset_S1 logP_exp. Raw notes: Experimental logP measured by traditional saturation shake-flask method with UV–Vis detection; n-octanol/water system; 24 h equilibration at 25 °C; experiments performed in triplicate (see Supplementary Information).
CMR_GOLD_030,O=C1OC2=C(C=CC(OCC(O)CN3C=NC4=C3C=C(C)C(C)=C4)=C2)C(C)=C1,0.61,1,1,R_Mean: 0.61,"Damu et al., 2014, Bioorganic & Medicinal Chemistry Letters, DOI: 10.1016/j.bmcl.2014.05.029","Shake-flask (n-octanol/water, UV–Vis)",High,STRICT-GOLD,10.1016/j.bmcl.2014.05.029,Bioorganic & Medicinal Chemistry Letters,2014,Damu et al.,Single accepted experimental record; value matches Dataset_S1 logP_exp. Raw notes: Experimental logP measured by traditional saturation shake-flask method with UV–Vis detection; n-octanol/water system; 24 h equilibration at 25 °C; experiments performed in triplicate (see Supplementary Information).
CMR_GOLD_031,O=C1OC2=C(C=CC(OCC(O)CSC3=NC4=CC=CC=C4N3)=C2)C(C)=C1,0.49,1,1,R_Mean: 0.49,"Damu et al., 2014, Bioorganic & Medicinal Chemistry Letters, DOI: 10.1016/j.bmcl.2014.05.029","Shake-flask (n-octanol/water, UV–Vis)",High,STRICT-GOLD,10.1016/j.bmcl.2014.05.029,Bioorganic & Medicinal Chemistry Letters,2014,Damu et al.,Single accepted experimental record; value matches Dataset_S1 logP_exp. Raw notes: Experimental logP measured by traditional saturation shake-flask method with UV–Vis detection; n-octanol/water system; 24 h equilibration at 25 °C; experiments performed in triplicate (see Supplementary Information).
CMR_GOLD_032,OC(COC1=CC(OCC(CN2C=NC=N2)O)=CC3=C1C(C)=CC(O3)=O)CN4C=NC=N4,0.65,1,1,R_Mean: 0.65,"Damu et al., 2014, Bioorganic & Medicinal Chemistry Letters, DOI: 10.1016/j.bmcl.2014.05.029","Shake-flask (n-octanol/water, UV–Vis)",High,STRICT-GOLD,10.1016/j.bmcl.2014.05.029,Bioorganic & Medicinal Chemistry Letters,2014,Damu et al.,Single accepted experimental record; value matches Dataset_S1 logP_exp. Raw notes: Experimental logP measured by traditional saturation shake-flask method with UV–Vis detection; n-octanol/water system; 24 h equilibration at 25 °C; experiments performed in triplicate (see Supplementary Information).
CMR_GOLD_033,O=C1OC2=C(C(OCC(O)CN3N=NC4=C3C=CC=C4)=CC(OCC(O)CN5N=NC6=C5C=CC=C6)=C2)C(C)=C1,0.48,1,1,R_Mean: 0.48,"Damu et al., 2014, Bioorganic & Medicinal Chemistry Letters, DOI: 10.1016/j.bmcl.2014.05.029","Shake-flask (n-octanol/water, UV–Vis)",High,STRICT-GOLD,10.1016/j.bmcl.2014.05.029,Bioorganic & Medicinal Chemistry Letters,2014,Damu et al.,Single accepted experimental record; value matches Dataset_S1 logP_exp. Raw notes: Experimental logP measured by traditional saturation shake-flask method with UV–Vis detection; n-octanol/water system; 24 h equilibration at 25 °C; experiments performed in triplicate (see Supplementary Information).
CMR_GOLD_034,OC(COC1=CC(OCC(CN2C=NC3=C2C=CC=C3)O)=CC4=C1C(C)=CC(O4)=O)CN5C=NC6=C5C=CC=C6,0.49,1,1,R_Mean: 0.49,"Damu et al., 2014, Bioorganic & Medicinal Chemistry Letters, DOI: 10.1016/j.bmcl.2014.05.029","Shake-flask (n-octanol/water, UV–Vis)",High,STRICT-GOLD,10.1016/j.bmcl.2014.05.029,Bioorganic & Medicinal Chemistry Letters,2014,Damu et al.,Single accepted experimental record; value matches Dataset_S1 logP_exp. Raw notes: Experimental logP measured by traditional saturation shake-flask method with UV–Vis detection; n-octanol/water system; 24 h equilibration at 25 °C; experiments performed in triplicate (see Supplementary Information).
CMR_GOLD_035,OC(COC1=CC(OCC(CN2C=NC3=C2C=C(C)C(C)=C3)O)=CC4=C1C(C)=CC(O4)=O)CN5C=NC6=C5C=C(C)C(C)=C6,0.61,1,1,R_Mean: 0.61,"Damu et al., 2014, Bioorganic & Medicinal Chemistry Letters, DOI: 10.1016/j.bmcl.2014.05.029","Shake-flask (n-octanol/water, UV–Vis)",High,STRICT-GOLD,10.1016/j.bmcl.2014.05.029,Bioorganic & Medicinal Chemistry Letters,2014,Damu et al.,Single accepted experimental record; value matches Dataset_S1 logP_exp. Raw notes: Experimental logP measured by traditional saturation shake-flask method with UV–Vis detection; n-octanol/water system; 24 h equilibration at 25 °C; experiments performed in triplicate (see Supplementary Information).
CMR_GOLD_036,OC(COC1=CC(OCC(CSC2=NC3=CC=CC=C3N2)O)=CC4=C1C(C)=CC(O4)=O)CSC5=NC6=CC=CC=C6N5,0.58,1,1,R_Mean: 0.58,"Damu et al., 2014, Bioorganic & Medicinal Chemistry Letters, DOI: 10.1016/j.bmcl.2014.05.029","Shake-flask (n-octanol/water, UV–Vis)",High,STRICT-GOLD,10.1016/j.bmcl.2014.05.029,Bioorganic & Medicinal Chemistry Letters,2014,Damu et al.,Single accepted experimental record; value matches Dataset_S1 logP_exp. Raw notes: Experimental logP measured by traditional saturation shake-flask method with UV–Vis detection; n-octanol/water system; 24 h equilibration at 25 °C; experiments performed in triplicate (see Supplementary Information).
CMR_GOLD_037,O=C1OC2=CC=CC=C2C(/C(NC3=CC=CC=C3)=N\O)=C1Cl,2.58,1,1,R1: 2.58,"Vrakas; Tsantili-Kakoulidou; Hadjipavlou-Litina, 2003, QSAR Comb. Sci., DOI: 10.1002/qsar.200300824",Shake-flask (octanol–water) + HPLC (UV 254 nm),High,STRICT-GOLD,10.1002/qsar.200300824,QSAR Comb. Sci.,2003,Vrakas; Tsantili-Kakoulidou; Hadjipavlou-Litina,Single accepted experimental record; value matches Dataset_S1 logP_exp. Raw notes: Subset I (amidoxime/hydrazone) per paper
CMR_GOLD_038,O=C1OC2=CC=CC=C2C(/C(NC3=CC=C(C)C=C3)=N\O)=C1Cl,2.89,1,1,R1: 2.89,"Vrakas; Tsantili-Kakoulidou; Hadjipavlou-Litina, 2003, QSAR Comb. Sci., DOI: 10.1002/qsar.200300824",Shake-flask (octanol–water) + HPLC (UV 254 nm),High,STRICT-GOLD,10.1002/qsar.200300824,QSAR Comb. Sci.,2003,Vrakas; Tsantili-Kakoulidou; Hadjipavlou-Litina,Single accepted experimental record; value matches Dataset_S1 logP_exp. Raw notes: Subset I (amidoxime/hydrazone) per paper
CMR_GOLD_039,O=C1OC2=CC=CC=C2C(/C(NC3CCCCC3)=N\O)=C1Cl,2.78,1,1,R1: 2.78,"Vrakas; Tsantili-Kakoulidou; Hadjipavlou-Litina, 2003, QSAR Comb. Sci., DOI: 10.1002/qsar.200300824",Shake-flask (octanol–water) + HPLC (UV 254 nm),High,STRICT-GOLD,10.1002/qsar.200300824,QSAR Comb. Sci.,2003,Vrakas; Tsantili-Kakoulidou; Hadjipavlou-Litina,Single accepted experimental record; value matches Dataset_S1 logP_exp. Raw notes: Subset I (amidoxime/hydrazone) per paper
CMR_GOLD_040,O=C1OC2=CC=CC=C2C(/C(CCO)=N\O)=C1Cl,0.22,1,1,R1: 0.22,"Vrakas; Tsantili-Kakoulidou; Hadjipavlou-Litina, 2003, QSAR Comb. Sci., DOI: 10.1002/qsar.200300824",Shake-flask (octanol–water) + HPLC (UV 254 nm),High,STRICT-GOLD,10.1002/qsar.200300824,QSAR Comb. Sci.,2003,Vrakas; Tsantili-Kakoulidou; Hadjipavlou-Litina,Single accepted experimental record; value matches Dataset_S1 logP_exp. Raw notes: Subset I (amidoxime/hydrazone) per paper
CMR_GOLD_041,O=C1OC2=CC=CC=C2C(/C(N)=N\OC(C)=O)=C1,1.0,1,1,R1: 1,"Vrakas; Tsantili-Kakoulidou; Hadjipavlou-Litina, 2003, QSAR Comb. Sci., DOI: 10.1002/qsar.200300824",Shake-flask (octanol–water) + HPLC (UV 254 nm),High,STRICT-GOLD,10.1002/qsar.200300824,QSAR Comb. Sci.,2003,Vrakas; Tsantili-Kakoulidou; Hadjipavlou-Litina,Single accepted experimental record; value matches Dataset_S1 logP_exp. Raw notes: Subset I (amidoxime/hydrazone) per paper
CMR_GOLD_042,O=C1OC2=CC=CC=C2C(/C=N\NC3=CC=CC=C3)=C1,3.63,1,1,R1: 3.63,"Vrakas; Tsantili-Kakoulidou; Hadjipavlou-Litina, 2003, QSAR Comb. Sci., DOI: 10.1002/qsar.200300824",Shake-flask (octanol–water) + HPLC (UV 254 nm),High,STRICT-GOLD,10.1002/qsar.200300824,QSAR Comb. Sci.,2003,Vrakas; Tsantili-Kakoulidou; Hadjipavlou-Litina,Single accepted experimental record; value matches Dataset_S1 logP_exp. Raw notes: Subset I (amidoxime/hydrazone) per paper
CMR_GOLD_043,O=C1OC2=CC=CC=C2C(C3=NOC=N3)=C1,1.95,1,1,R1: 1.95,"Vrakas; Tsantili-Kakoulidou; Hadjipavlou-Litina, 2003, QSAR Comb. Sci., DOI: 10.1002/qsar.200300824",Shake-flask (octanol–water) + HPLC (UV 254 nm),High,STRICT-GOLD,10.1002/qsar.200300824,QSAR Comb. Sci.,2003,Vrakas; Tsantili-Kakoulidou; Hadjipavlou-Litina,Single accepted experimental record; value matches Dataset_S1 logP_exp. Raw notes: Subset II (heterocycle at C-4) per paper
CMR_GOLD_044,O=C1OC2=CC=CC=C2C(C3=NOC(C)=N3)=C1,2.12,1,1,R1: 2.12,"Vrakas; Tsantili-Kakoulidou; Hadjipavlou-Litina, 2003, QSAR Comb. Sci., DOI: 10.1002/qsar.200300824",Shake-flask (octanol–water) + HPLC (UV 254 nm),High,STRICT-GOLD,10.1002/qsar.200300824,QSAR Comb. Sci.,2003,Vrakas; Tsantili-Kakoulidou; Hadjipavlou-Litina,Single accepted experimental record; value matches Dataset_S1 logP_exp. Raw notes: Subset II (heterocycle at C-4) per paper
CMR_GOLD_045,O=C1OC2=CC=CC=C2C(C3=NOC(C4=CC=CC=C4)=N3)=C1,3.22,1,1,R1: 3.22,"Vrakas; Tsantili-Kakoulidou; Hadjipavlou-Litina, 2003, QSAR Comb. Sci., DOI: 10.1002/qsar.200300824",Shake-flask (octanol–water) + HPLC (UV 254 nm),High,STRICT-GOLD,10.1002/qsar.200300824,QSAR Comb. Sci.,2003,Vrakas; Tsantili-Kakoulidou; Hadjipavlou-Litina,Single accepted experimental record; value matches Dataset_S1 logP_exp. Raw notes: Subset II (heterocycle at C-4) per paper
CMR_GOLD_046,O=C1OC2=CC=CC=C2C(C3=NOC(C4=CC=C(OC)C=C4)=N3)=C1,2.98,1,1,R1: 2.98,"Vrakas; Tsantili-Kakoulidou; Hadjipavlou-Litina, 2003, QSAR Comb. Sci., DOI: 10.1002/qsar.200300824",Shake-flask (octanol–water) + HPLC (UV 254 nm),High,STRICT-GOLD,10.1002/qsar.200300824,QSAR Comb. Sci.,2003,Vrakas; Tsantili-Kakoulidou; Hadjipavlou-Litina,Single accepted experimental record; value matches Dataset_S1 logP_exp. Raw notes: Subset II (heterocycle at C-4) per paper | Positional isomer pair (10 vs 17) noted as ~isolipophilic in paper.
CMR_GOLD_047,O=C1OC2=CC=CC=C2C(C3=NOCN3)=C1,1.98,1,1,R1: 1.98,"Vrakas; Tsantili-Kakoulidou; Hadjipavlou-Litina, 2003, QSAR Comb. Sci., DOI: 10.1002/qsar.200300824",Shake-flask (octanol–water) + HPLC (UV 254 nm),High,STRICT-GOLD,10.1002/qsar.200300824,QSAR Comb. Sci.,2003,Vrakas; Tsantili-Kakoulidou; Hadjipavlou-Litina,Single accepted experimental record; value matches Dataset_S1 logP_exp. Raw notes: Subset II (heterocycle at C-4) per paper
CMR_GOLD_048,O=C1OC2=CC=CC=C2C(C3=NOC(C)N3)=C1,1.93,1,1,R1: 1.93,"Vrakas; Tsantili-Kakoulidou; Hadjipavlou-Litina, 2003, QSAR Comb. Sci., DOI: 10.1002/qsar.200300824",Shake-flask (octanol–water) + HPLC (UV 254 nm),High,STRICT-GOLD,10.1002/qsar.200300824,QSAR Comb. Sci.,2003,Vrakas; Tsantili-Kakoulidou; Hadjipavlou-Litina,Single accepted experimental record; value matches Dataset_S1 logP_exp. Raw notes: Subset II (heterocycle at C-4) per paper
CMR_GOLD_049,O=C1OC2=CC=CC=C2C(C3=NOCN3C4=CC=CC=C4)=C1,2.45,1,1,R1: 2.45,"Vrakas; Tsantili-Kakoulidou; Hadjipavlou-Litina, 2003, QSAR Comb. Sci., DOI: 10.1002/qsar.200300824",Shake-flask (octanol–water) + HPLC (UV 254 nm),High,STRICT-GOLD,10.1002/qsar.200300824,QSAR Comb. Sci.,2003,Vrakas; Tsantili-Kakoulidou; Hadjipavlou-Litina,Single accepted experimental record; value matches Dataset_S1 logP_exp. Raw notes: Subset II (heterocycle at C-4) per paper
CMR_GOLD_050,O=C1OC2=CC=CC=C2C(C3=NOC(C)N3C4=CC=CC=C4)=C1,2.7,1,1,R1: 2.7,"Vrakas; Tsantili-Kakoulidou; Hadjipavlou-Litina, 2003, QSAR Comb. Sci., DOI: 10.1002/qsar.200300824",Shake-flask (octanol–water) + HPLC (UV 254 nm),High,STRICT-GOLD,10.1002/qsar.200300824,QSAR Comb. Sci.,2003,Vrakas; Tsantili-Kakoulidou; Hadjipavlou-Litina,Single accepted experimental record; value matches Dataset_S1 logP_exp. Raw notes: Subset II (heterocycle at C-4) per paper
CMR_GOLD_051,O=C1OC2=CC=CC=C2C(C3=NOC(N3C4=CC=CC=C4)=S)=C1,3.03,1,1,R1: 3.03,"Vrakas; Tsantili-Kakoulidou; Hadjipavlou-Litina, 2003, QSAR Comb. Sci., DOI: 10.1002/qsar.200300824",Shake-flask (octanol–water) + HPLC (UV 254 nm),High,STRICT-GOLD,10.1002/qsar.200300824,QSAR Comb. Sci.,2003,Vrakas; Tsantili-Kakoulidou; Hadjipavlou-Litina,Single accepted experimental record; value matches Dataset_S1 logP_exp. Raw notes: Subset II (heterocycle at C-4) per paper
CMR_GOLD_052,O=C1OC2=CC=CC=C2C(C3=NOS(N3C4=CC=CC=C4)=O)=C1,2.16,1,1,R1: 2.16,"Vrakas; Tsantili-Kakoulidou; Hadjipavlou-Litina, 2003, QSAR Comb. Sci., DOI: 10.1002/qsar.200300824",Shake-flask (octanol–water) + HPLC (UV 254 nm),High,STRICT-GOLD,10.1002/qsar.200300824,QSAR Comb. Sci.,2003,Vrakas; Tsantili-Kakoulidou; Hadjipavlou-Litina,Single accepted experimental record; value matches Dataset_S1 logP_exp. Raw notes: Subset II (heterocycle at C-4) per paper | FLAG: paper reports ambiguous SMILES input for compound 16; treat SMILES/InChIKey generation carefully (resonance/charge standardization).
CMR_GOLD_053,O=C1OC2=CC=CC=C2C(C3=NC(C4=CC=C(OC)C=C4)=NO3)=C1,3.07,1,1,R1: 3.07,"Vrakas; Tsantili-Kakoulidou; Hadjipavlou-Litina, 2003, QSAR Comb. Sci., DOI: 10.1002/qsar.200300824",Shake-flask (octanol–water) + HPLC (UV 254 nm),High,STRICT-GOLD,10.1002/qsar.200300824,QSAR Comb. Sci.,2003,Vrakas; Tsantili-Kakoulidou; Hadjipavlou-Litina,Single accepted experimental record; value matches Dataset_S1 logP_exp. Raw notes: Subset II (heterocycle at C-4) per paper | Positional isomer pair (10 vs 17) noted as ~isolipophilic in paper.
CMR_GOLD_054,O=C1OC2=CC=CC=C2C(C3ON=C(C4=CC=C(OC)C=C4)O3)=C1,3.04,1,1,R1: 3.04,"Vrakas; Tsantili-Kakoulidou; Hadjipavlou-Litina, 2003, QSAR Comb. Sci., DOI: 10.1002/qsar.200300824",Shake-flask (octanol–water) + HPLC (UV 254 nm),High,STRICT-GOLD,10.1002/qsar.200300824,QSAR Comb. Sci.,2003,Vrakas; Tsantili-Kakoulidou; Hadjipavlou-Litina,Single accepted experimental record; value matches Dataset_S1 logP_exp. Raw notes: Subset II (heterocycle at C-4) per paper | N→O replacement; conjugation eliminated; paper notes little impact on logP.
CMR_GOLD_055,O=C1OC2=C(C=CC=C2)C=C1,1.39,1,1,Triplicate: 1.39,"Vrakas; Tsantili-Kakoulidou; Hadjipavlou-Litina, 2007, QSAR Comb. Sci., DOI: 10.1002/qsar.200300825",Shake-flask (octanol–water) + HPLC (UV 254 nm),High,STRICT-GOLD,10.1002/qsar.200300825,QSAR Comb. Sci.,2007,Vrakas; Tsantili-Kakoulidou; Hadjipavlou-Litina,Single accepted experimental record; value matches Dataset_S1 logP_exp. Raw notes: Parent coumarin scaffold included as experimental baseline. Experimental logPoct value (1.39) obtained from primary  literature and used to anchor substituent effects across GOLD coumarin derivatives.
CMR_GOLD_056,O=C1OC2=C(C=CC=C2)C=C1/N=C(C(C=CC=C3)=C3N4)/C4=N/CC(O)=O,0.42,1,1,RPT-2025-JCC-01: 0.42,"R. Priya et al., 2025, Journal of Coordination Chemistry, DOI: 10.1080/00958972.2025.2549047",Shake-flask (n-octanol/water),Moderate,GOLD,10.1080/00958972.2025.2549047,Journal of Coordination Chemistry,2025,R. Priya et al.,"Single accepted experimental record; value matches Dataset_S1 logP_exp. Raw notes: Shake-flask (OECD 107), n=3, SD reported; classified as GOLD. Not specified (neutral water phase)"
CMR_GOLD_057,O=C1C(/C=C/C(C2=CC=C(C3=CC=C(N(C)C)C=C3)S2)=O)=CC4=C(C=C(N(C)C)C=C4)O1,1.365,1,1,RPT-2023-JL-01: 1.365,"X. Chen et al., 2023, Journal of Luminescence, DOI: 10.1016/j.jlumin.2022.119661",Shake-flask (n-octanol/water),High,STRICT-GOLD,10.1016/j.jlumin.2022.119661,Journal of Luminescence,2023,X. Chen et al.,Single accepted experimental record; value matches Dataset_S1 logP_exp. Raw notes: Direct shake-flask logPow measurement using UV–Vis analysis; metal-free D-π-A coumarin probe. Not specified (neutral water phase)
CMR_GOLD_058,O=C1C(/C=C/C(C2=CC=C(C3=CC=C(N(CC)CC)C=C3)S2)=O)=CC4=C(C=C(N(CC)CC)C=C4)O1,0.9664,1,1,RPT-2023-JL-01: 0.9664,"X. Chen et al., 2023, Journal of Luminescence, DOI: 10.1016/j.jlumin.2022.119661",Shake-flask (n-octanol/water),High,STRICT-GOLD,10.1016/j.jlumin.2022.119661,Journal of Luminescence,2023,X. Chen et al.,Single accepted experimental record; value matches Dataset_S1 logP_exp. Raw notes: Direct shake-flask logPow measurement using UV–Vis analysis; metal-free D-π-A coumarin probe. Not specified (neutral water phase)
CMR_GOLD_059,O=C1C=CC2=C(C=C3C(C=CO3)=C2)O1,1.67,1,1,RPT-1996-JPS-01: 1.67,"Said et al., 1996, Journal of Pharmaceutical Sciences",Shake-flask (n-octanol/water),High,STRICT-GOLD,,Journal of Pharmaceutical Sciences,1996,Said et al.,Single accepted experimental record; value matches Dataset_S1 logP_exp. Raw notes: Classical shake-flask logP measured in mutually saturated octanol/water using fluorescence quantification. Not specified (neutral water phase)
CMR_GOLD_060,O=C1C=CC2=C(C(OC)=C3C(C=CO3)=C2)O1,1.93,1,1,RPT-1996-JPS-01: 1.93,"Said et al., 1996, Journal of Pharmaceutical Sciences",Shake-flask (n-octanol/water),High,STRICT-GOLD,,Journal of Pharmaceutical Sciences,1996,Said et al.,Single accepted experimental record; value matches Dataset_S1 logP_exp. Raw notes: Classical shake-flask logP measured in mutually saturated octanol/water using fluorescence quantification. Not specified (neutral water phase)
CMR_GOLD_061,O=C1C=CC2=C(C=C3C(C=CO3)=C2OC)O1,2.0,1,1,RPT-1996-JPS-01: 2,"Said et al., 1996, Journal of Pharmaceutical Sciences",Shake-flask (n-octanol/water),High,STRICT-GOLD,,Journal of Pharmaceutical Sciences,1996,Said et al.,Single accepted experimental record; value matches Dataset_S1 logP_exp. Raw notes: Classical shake-flask logP measured in mutually saturated octanol/water using fluorescence quantification. Not specified (neutral water phase)
CMR_GOLD_062,O=C1C=C(C)C2=C(C(C)=C3C(C=C(C)O3)=C2)O1,3.14,1,1,RPT-1996-JPS-01: 3.14,"Said et al., 1996, Journal of Pharmaceutical Sciences",Shake-flask (n-octanol/water),High,STRICT-GOLD,,Journal of Pharmaceutical Sciences,1996,Said et al.,Single accepted experimental record; value matches Dataset_S1 logP_exp. Raw notes: Classical shake-flask logP measured in mutually saturated octanol/water using fluorescence quantification. Not specified (neutral water phase)
CMR_GOLD_063,O=C1OC2=C(C=C(Br)C=C2)C=C1C(CS3)=NN4C3=N[N]C4C5=CC=CC=C5,1.412,1,1,R1: 1.412,"Jayshree et al., 2005, Materials Science Research India",Shake-flask (n-octanol/phosphate buffer),Limited,EXTENDED,,Materials Science Research India,2005,Jayshree et al.,"Single accepted experimental record; value matches Dataset_S1 logP_exp. Raw notes: Single measurement; no replicate, temperature, or uncertainty reported."
CMR_GOLD_064,O=C1OC2=C(C=C(Br)C=C2)C=C1C(CS3)=NN4C3=N[N]C4C5=CC(Br)=CC=C5,1.63,1,1,R1: 1.63,"Jayshree et al., 2005, Materials Science Research India",Shake-flask (n-octanol/phosphate buffer),Limited,EXTENDED,,Materials Science Research India,2005,Jayshree et al.,"Single accepted experimental record; value matches Dataset_S1 logP_exp. Raw notes: Single measurement; no replicate, temperature, or uncertainty reported."
CMR_GOLD_065,O=C1OC2=C(C=C(Br)C=C2)C=C1C(CS3)=NN4C3=N[N]C4C5=CC=C(Br)C=C5,1.58,1,1,R1: 1.58,"Jayshree et al., 2005, Materials Science Research India",Shake-flask (n-octanol/phosphate buffer),Limited,EXTENDED,,Materials Science Research India,2005,Jayshree et al.,"Single accepted experimental record; value matches Dataset_S1 logP_exp. Raw notes: Single measurement; no replicate, temperature, or uncertainty reported."
CMR_GOLD_066,O=C1OC2=C(C=C(Br)C=C2)C=C1C(CS3)=NN4C3=N[N]C4C5=C(O)C=CC=C5,0.826,1,1,R1: 0.826,"Jayshree et al., 2005, Materials Science Research India",Shake-flask (n-octanol/phosphate buffer),Limited,EXTENDED,,Materials Science Research India,2005,Jayshree et al.,"Single accepted experimental record; value matches Dataset_S1 logP_exp. Raw notes: Single measurement; no replicate, temperature, or uncertainty reported."
CMR_GOLD_067,O=C1OC2=C(C=C(Br)C=C2)C=C1C(CS3)=NN4C3=N[N]C4C5=CC=C(O)C=C5,0.645,1,1,R1: 0.645,"Jayshree et al., 2005, Materials Science Research India",Shake-flask (n-octanol/phosphate buffer),Limited,EXTENDED,,Materials Science Research India,2005,Jayshree et al.,"Single accepted experimental record; value matches Dataset_S1 logP_exp. Raw notes: Single measurement; no replicate, temperature, or uncertainty reported."
CMR_GOLD_068,O=C1OC2=C(C=C(Br)C=C2)C=C1C(CS3)=NN4C3=N[N]C4C5=CC=C(Cl)C=C5,1.501,1,1,R1: 1.501,"Jayshree et al., 2005, Materials Science Research India",Shake-flask (n-octanol/phosphate buffer),Limited,EXTENDED,,Materials Science Research India,2005,Jayshree et al.,"Single accepted experimental record; value matches Dataset_S1 logP_exp. Raw notes: Single measurement; no replicate, temperature, or uncertainty reported."
CMR_GOLD_069,O=C1OC2=C(C=C(Br)C=C2)C=C1C(CS3)=NN4C3=N[N]C4C5=CC=C(C)C=C5,1.806,1,1,R1: 1.806,"Jayshree et al., 2005, Materials Science Research India",Shake-flask (n-octanol/phosphate buffer),Limited,EXTENDED,,Materials Science Research India,2005,Jayshree et al.,"Single accepted experimental record; value matches Dataset_S1 logP_exp. Raw notes: Single measurement; no replicate, temperature, or uncertainty reported."
CMR_GOLD_070,O=C1OC2=C(C=C(Br)C=C2)C=C1C(CS3)=NN4C3=N[N]C4C5=CC=NC=C5,1.22,1,1,R1: 1.22,"Jayshree et al., 2005, Materials Science Research India",Shake-flask (n-octanol/phosphate buffer),Limited,EXTENDED,,Materials Science Research India,2005,Jayshree et al.,"Single accepted experimental record; value matches Dataset_S1 logP_exp. Raw notes: Single measurement; no replicate, temperature, or uncertainty reported."
CMR_GOLD_071,O=C1OC2=C(C=C(Br)C=C2)C=C1C(CS3)=NN4C3=N[N]C4COC5=CC=C(Cl)C=C5,1.421,1,1,R1: 1.421,"Jayshree et al., 2005, Materials Science Research India",Shake-flask (n-octanol/phosphate buffer),Limited,EXTENDED,,Materials Science Research India,2005,Jayshree et al.,"Single accepted experimental record; value matches Dataset_S1 logP_exp. Raw notes: Single measurement; no replicate, temperature, or uncertainty reported."
CMR_GOLD_072,O=C1OC2=C(C=C(Br)C=C2)C=C1C(CS3)=NN4C3=N[N]C4COC5=C(Cl)C=C(Cl)C=C5,1.471,1,1,R1: 1.471,"Jayshree et al., 2005, Materials Science Research India",Shake-flask (n-octanol/phosphate buffer),Limited,EXTENDED,,Materials Science Research India,2005,Jayshree et al.,"Single accepted experimental record; value matches Dataset_S1 logP_exp. Raw notes: Single measurement; no replicate, temperature, or uncertainty reported."
CMR_GOLD_073,O=C2C(=C([P](OCC)(OCC)=O)C1=C(C=CC=C1)O2)C(C)NC4=CC3=C(OCCO3)C=C4,2.07,1,1,R1: 2.07,"Shaikh et al., 2020, Chemical Papers, DOI: 10.1007/s11696-020-01099-0",Modified shake-flask (octanol/water),Moderate,GOLD,10.1007/s11696-020-01099-0,Chemical Papers,2020,Shaikh et al.,"Single accepted experimental record; value matches Dataset_S1 logP_exp. Raw notes: LogP described as determined by modified shake-flask method; experimental details (pH, temperature, replicates) not reported."
CMR_GOLD_074,COC1=CC=C(C=C1)CCNC(C)C2=C(C3=C(OC2=O)C=CC=C3)[P](OCC)(OCC)=O,2.43,1,1,R1: 2.43,"Shaikh et al., 2020, Chemical Papers, DOI: 10.1007/s11696-020-01099-0",Modified shake-flask (octanol/water),Moderate,GOLD,10.1007/s11696-020-01099-0,Chemical Papers,2020,Shaikh et al.,"Single accepted experimental record; value matches Dataset_S1 logP_exp. Raw notes: LogP described as determined by modified shake-flask method; experimental details (pH, temperature, replicates) not reported."
CMR_GOLD_075,O=C2C(=C([P](OCC)(OCC)=O)C1=C(C=CC=C1)O2)C(C)NC3=CC=CC4=C3C=CC=C4,2.65,1,1,R1: 2.65,"Shaikh et al., 2020, Chemical Papers, DOI: 10.1007/s11696-020-01099-0",Modified shake-flask (octanol/water),Moderate,GOLD,10.1007/s11696-020-01099-0,Chemical Papers,2020,Shaikh et al.,"Single accepted experimental record; value matches Dataset_S1 logP_exp. Raw notes: LogP described as determined by modified shake-flask method; experimental details (pH, temperature, replicates) not reported."
CMR_GOLD_076,O=C2C(=C([P](OCC)(OCC)=O)C1=C(C=CC=C1)O2)C(C)NCC3=CC=C(F)C=C3,2.52,1,1,R1: 2.52,"Shaikh et al., 2020, Chemical Papers, DOI: 10.1007/s11696-020-01099-0",Modified shake-flask (octanol/water),Moderate,GOLD,10.1007/s11696-020-01099-0,Chemical Papers,2020,Shaikh et al.,"Single accepted experimental record; value matches Dataset_S1 logP_exp. Raw notes: LogP described as determined by modified shake-flask method; experimental details (pH, temperature, replicates) not reported."
CMR_GOLD_077,O=C2C(=C([P](OCC)(OCC)=O)C1=C(C=CC=C1)O2)C(C)NC5=CC=C(C4=C(C(OCC)=O)C3=C(C=CC=C3)N=C4)C=C5,2.8,1,1,R1: 2.8,"Shaikh et al., 2020, Chemical Papers, DOI: 10.1007/s11696-020-01099-0",Modified shake-flask (octanol/water),Moderate,GOLD,10.1007/s11696-020-01099-0,Chemical Papers,2020,Shaikh et al.,"Single accepted experimental record; value matches Dataset_S1 logP_exp. Raw notes: LogP described as determined by modified shake-flask method; experimental details (pH, temperature, replicates) not reported."
CMR_GOLD_078,O=C(NCC1=CN(C(C2=O)=CC3=C(O2)C=CC=C3)N=N1)C4=CC=CC=C4,2.25,1,1,R1: 2.25,"Visansirikul et al., 2024, RSC Medicinal Chemistry, DOI: 10.1039/d4md00270a",Modified shake-flask (n-octanol/water system),Moderate,GOLD,10.1039/d4md00270a,RSC Medicinal Chemistry,2024,Visansirikul et al.,Single accepted experimental record; value matches Dataset_S1 logP_exp. Raw notes: Experimental logP reported with standard deviation and described as shake-flask derived; SwissADME referenced for other physicochemical descriptors.
CMR_GOLD_079,O=C(NCC1=CN(C(C2=O)=CC3=C(O2)C=CC=C3)N=N1)C4=CC=CC=C4O,2.02,1,1,R1: 2.02,"Visansirikul et al., 2024, RSC Medicinal Chemistry, DOI: 10.1039/d4md00270a",Modified shake-flask (n-octanol/water system),Moderate,GOLD,10.1039/d4md00270a,RSC Medicinal Chemistry,2024,Visansirikul et al.,Single accepted experimental record; value matches Dataset_S1 logP_exp. Raw notes: Experimental logP reported with standard deviation and described as shake-flask derived; SwissADME referenced for other physicochemical descriptors.
CMR_GOLD_080,O=C(NCC1=CN(C(C2=O)=CC3=C(O2)C=CC=C3)N=N1)CC4=CC=CC=C4[N+]([O-])=O,1.9,1,1,R1: 1.9,"Visansirikul et al., 2024, RSC Medicinal Chemistry, DOI: 10.1039/d4md00270a",Modified shake-flask (n-octanol/water system),Moderate,GOLD,10.1039/d4md00270a,RSC Medicinal Chemistry,2024,Visansirikul et al.,Single accepted experimental record; value matches Dataset_S1 logP_exp. Raw notes: Experimental logP reported with standard deviation and described as shake-flask derived; SwissADME referenced for other physicochemical descriptors.
CMR_GOLD_081,O=C(NCC1=CN(C(C2=O)=CC3=C(O2)C=CC=C3)N=N1)C4=CC=C(O)C(OC)=C4,1.95,1,1,R1: 1.95,"Visansirikul et al., 2024, RSC Medicinal Chemistry, DOI: 10.1039/d4md00270a",Modified shake-flask (n-octanol/water system),Moderate,GOLD,10.1039/d4md00270a,RSC Medicinal Chemistry,2024,Visansirikul et al.,Single accepted experimental record; value matches Dataset_S1 logP_exp. Raw notes: Experimental logP reported with standard deviation and described as shake-flask derived; SwissADME referenced for other physicochemical descriptors.
CMR_GOLD_082,OC(C(OC)=C1)=CC=C1/C=C/C(NCC(N=N2)=CN2C3=CC4=C(C=CC=C4)OC3=O)=O,2.65,1,1,R1: 2.65,"Visansirikul et al., 2024, RSC Medicinal Chemistry, DOI: 10.1039/d4md00270a",Modified shake-flask (n-octanol/water system),Moderate,GOLD,10.1039/d4md00270a,RSC Medicinal Chemistry,2024,Visansirikul et al.,Single accepted experimental record; value matches Dataset_S1 logP_exp. Raw notes: Experimental logP reported with standard deviation and described as shake-flask derived; SwissADME referenced for other physicochemical descriptors.
CMR_GOLD_083,O=C(OCC1=CN(C(C2=O)=CC3=C(O2)C=CC=C3)N=N1)C4=CC=CC=C4,2.38,1,1,R1: 2.38,"Visansirikul et al., 2024, RSC Medicinal Chemistry, DOI: 10.1039/d4md00270a",Modified shake-flask (n-octanol/water system),Moderate,GOLD,10.1039/d4md00270a,RSC Medicinal Chemistry,2024,Visansirikul et al.,Single accepted experimental record; value matches Dataset_S1 logP_exp. Raw notes: Experimental logP reported with standard deviation and described as shake-flask derived; SwissADME referenced for other physicochemical descriptors.
CMR_GOLD_084,O=C(OCC1=CN(C(C2=O)=CC3=C(O2)C=CC=C3)N=N1)C4=CC=CC=C4O,2.65,1,1,R1: 2.65,"Visansirikul et al., 2024, RSC Medicinal Chemistry, DOI: 10.1039/d4md00270a",Modified shake-flask (n-octanol/water system),Moderate,GOLD,10.1039/d4md00270a,RSC Medicinal Chemistry,2024,Visansirikul et al.,Single accepted experimental record; value matches Dataset_S1 logP_exp. Raw notes: Experimental logP reported with standard deviation and described as shake-flask derived; SwissADME referenced for other physicochemical descriptors.
CMR_GOLD_085,O=C(OCC1=CN(C(C2=O)=CC3=C(O2)C=CC=C3)N=N1)CC4=CC=CC=C4[N+]([O-])=O,2.41,1,1,R1: 2.41,"Visansirikul et al., 2024, RSC Medicinal Chemistry, DOI: 10.1039/d4md00270a",Modified shake-flask (n-octanol/water system),Moderate,GOLD,10.1039/d4md00270a,RSC Medicinal Chemistry,2024,Visansirikul et al.,Single accepted experimental record; value matches Dataset_S1 logP_exp. Raw notes: Experimental logP reported with standard deviation and described as shake-flask derived; SwissADME referenced for other physicochemical descriptors.
CMR_GOLD_086,O=C(OCC1=CN(C(C2=O)=CC3=C(O2)C=CC=C3)N=N1)C4=CC=C(O)C(OC)=C4,2.61,1,1,R1: 2.61,"Visansirikul et al., 2024, RSC Medicinal Chemistry, DOI: 10.1039/d4md00270a",Modified shake-flask (n-octanol/water system),Moderate,GOLD,10.1039/d4md00270a,RSC Medicinal Chemistry,2024,Visansirikul et al.,Single accepted experimental record; value matches Dataset_S1 logP_exp. Raw notes: Experimental logP reported with standard deviation and described as shake-flask derived; SwissADME referenced for other physicochemical descriptors.
CMR_GOLD_087,O=C1OC2=C(C=C1N3C=C(N=N3)COC(/C=C/C4=CC=C(C(OC)=C4)O)=O)C=CC=C2,2.64,1,1,R1: 2.64,"Visansirikul et al., 2024, RSC Medicinal Chemistry, DOI: 10.1039/d4md00270a",Modified shake-flask (n-octanol/water system),Moderate,GOLD,10.1039/d4md00270a,RSC Medicinal Chemistry,2024,Visansirikul et al.,Single accepted experimental record; value matches Dataset_S1 logP_exp. Raw notes: Experimental logP reported with standard deviation and described as shake-flask derived; SwissADME referenced for other physicochemical descriptors.
CMR_GOLD_088,O=C1/C(C(C2=C(C=CC=C2)O1)=O)=C(C)/NCC3=CC(OC)=C(OC)C(OC)=C3,1.498,1,1,R1: 1.498,"Kasperkiewicz et al., 2018, Pharmacological Reports, DOI: 10.1016/j.pharep.2018.06.002","RP-TLC (DMF/water system, calibrated Rm method)",Limited,EXTENDED,10.1016/j.pharep.2018.06.002,Pharmacological Reports,2018,Kasperkiewicz et al.,Single accepted experimental record; value matches Dataset_S1 logP_exp. Raw notes: Experimental logP determined by RP-TLC with calibration; mean values with standard deviation reported.
CMR_GOLD_089,O=C1/C(C(C2=C(C=CC=C2)O1)=O)=C(C)/NCC3=CC=C(OC)C(OC)=C3,1.503,1,1,R1: 1.503,"Kasperkiewicz et al., 2018, Pharmacological Reports, DOI: 10.1016/j.pharep.2018.06.002","RP-TLC (DMF/water system, calibrated Rm method)",Limited,EXTENDED,10.1016/j.pharep.2018.06.002,Pharmacological Reports,2018,Kasperkiewicz et al.,Single accepted experimental record; value matches Dataset_S1 logP_exp. Raw notes: Experimental logP determined by RP-TLC with calibration; mean values with standard deviation reported.
CMR_GOLD_090,O=C1/C(C(C2=C(C=CC=C2)O1)=O)=C(C)/NCC3=CC=C(OC)C=C3OC,2.152,1,1,R1: 2.152,"Kasperkiewicz et al., 2018, Pharmacological Reports, DOI: 10.1016/j.pharep.2018.06.002","RP-TLC (DMF/water system, calibrated Rm method)",Limited,EXTENDED,10.1016/j.pharep.2018.06.002,Pharmacological Reports,2018,Kasperkiewicz et al.,Single accepted experimental record; value matches Dataset_S1 logP_exp. Raw notes: Experimental logP determined by RP-TLC with calibration; mean values with standard deviation reported.
CMR_GOLD_091,O=C1/C(C(C2=C(C=CC=C2)O1)=O)=C(C3=CC=CC=C3)/NCC4=CC(OC)=C(OC)C(OC)=C4,1.718,1,1,R1: 1.718,"Kasperkiewicz et al., 2018, Pharmacological Reports, DOI: 10.1016/j.pharep.2018.06.002","RP-TLC (DMF/water system, calibrated Rm method)",Limited,EXTENDED,10.1016/j.pharep.2018.06.002,Pharmacological Reports,2018,Kasperkiewicz et al.,Single accepted experimental record; value matches Dataset_S1 logP_exp. Raw notes: Experimental logP determined by RP-TLC with calibration; mean values with standard deviation reported.
CMR_GOLD_092,O=C1/C(C(C2=C(C=CC=C2)O1)=O)=C(C3=CC=CC=C3)/NCC4=CC=C(OC)C(OC)=C4,1.779,1,1,R1: 1.779,"Kasperkiewicz et al., 2018, Pharmacological Reports, DOI: 10.1016/j.pharep.2018.06.002","RP-TLC (DMF/water system, calibrated Rm method)",Limited,EXTENDED,10.1016/j.pharep.2018.06.002,Pharmacological Reports,2018,Kasperkiewicz et al.,Single accepted experimental record; value matches Dataset_S1 logP_exp. Raw notes: Experimental logP determined by RP-TLC with calibration; mean values with standard deviation reported.
CMR_GOLD_093,O=C1/C(C(C2=C(C=CC=C2)O1)=O)=C(C3=CC=CC=C3)/NCC4=C(OC)C=C(OC)C=C4,2.288,1,1,R1: 2.288,"Kasperkiewicz et al., 2018, Pharmacological Reports, DOI: 10.1016/j.pharep.2018.06.002","RP-TLC (DMF/water system, calibrated Rm method)",Limited,EXTENDED,10.1016/j.pharep.2018.06.002,Pharmacological Reports,2018,Kasperkiewicz et al.,Single accepted experimental record; value matches Dataset_S1 logP_exp. Raw notes: Experimental logP determined by RP-TLC with calibration; mean values with standard deviation reported.
CMR_GOLD_094,O=C1/C(C(C2=C(C=CC=C2)O1)=O)=C/NCC3=CC(OC)=C(OC)C(OC)=C3,1.295,1,1,R1: 1.295,"Kasperkiewicz et al., 2018, Pharmacological Reports, DOI: 10.1016/j.pharep.2018.06.002","RP-TLC (DMF/water system, calibrated Rm method)",Limited,EXTENDED,10.1016/j.pharep.2018.06.002,Pharmacological Reports,2018,Kasperkiewicz et al.,Single accepted experimental record; value matches Dataset_S1 logP_exp. Raw notes: Experimental logP determined by RP-TLC with calibration; mean values with standard deviation reported.
CMR_GOLD_095,O=C1/C(C(C2=C(C=CC=C2)O1)=O)=C/NCC3=CC(OC)=C(OC)C=C3,2.454,1,1,R1: 2.454,"Kasperkiewicz et al., 2018, Pharmacological Reports, DOI: 10.1016/j.pharep.2018.06.002","RP-TLC (DMF/water system, calibrated Rm method)",Limited,EXTENDED,10.1016/j.pharep.2018.06.002,Pharmacological Reports,2018,Kasperkiewicz et al.,Single accepted experimental record; value matches Dataset_S1 logP_exp. Raw notes: Experimental logP determined by RP-TLC with calibration; mean values with standard deviation reported.
CMR_GOLD_096,O=C1/C(C(C2=C(C=CC=C2)O1)=O)=C/NCC3=CC=C(OC)C=C3OC,1.443,1,1,R1: 1.443,"Kasperkiewicz et al., 2018, Pharmacological Reports, DOI: 10.1016/j.pharep.2018.06.002","RP-TLC (DMF/water system, calibrated Rm method)",Limited,EXTENDED,10.1016/j.pharep.2018.06.002,Pharmacological Reports,2018,Kasperkiewicz et al.,Single accepted experimental record; value matches Dataset_S1 logP_exp. Raw notes: Experimental logP determined by RP-TLC with calibration; mean values with standard deviation reported.
